{"stats":{"minecraft:crafted":{"minecraft:crafting_table":1,"minecraft:iron_sword":1,"regions_unexplored:larch_planks":8,"minecraft:stick":8},"minecraft:used":{"minecraft:chorus_fruit":1,"luminousworld:blackberry":2,"minecraft:shield":19,"minecraft:iron_sword":180,"minecraft:diamond_axe":23,"simpletomb:grave_key":1,"minecraft:iron_chestplate":2,"minecraft:dirt":2,"minecraft:crafting_table":1,"minecraft:book":1,"minecraft:apple":27,"minecraft:bread":4,"minecraft:iron_pickaxe":25,"minecraft:iron_helmet":1,"minecraft:iron_boots":1,"minecraft:diamond_sword":108,"minecraft:sweet_berries":15,"minecraft:bucket":1,"tombstone:gift":8,"alexsmobs:animal_dictionary":1,"minecraft:iron_leggings":1},"minecraft:killed":{"illagerinvasion:archivist":3,"minecraft:evoker":2,"minecraft:vex":1,"minecraft:cave_spider":1,"undead_revamp2:theimmortal":4,"minecraft:vindicator":9,"illagerinvasion:marauder":3,"illagerinvasion:alchemist":1,"illagerinvasion:basher":4,"born_in_chaos_v1:decrepit_skeleton":2,"born_in_chaos_v1:maggot":4,"minecraft:skeleton":6,"born_in_chaos_v1:dire_hound_leader":1,"mowziesmobs:ferrous_wroughtnaut":1,"minecraft:zombie":23,"born_in_chaos_v1:dread_hound":4,"enemyexpansion:botfly":1,"illagerinvasion:provoker":4,"undead_revamp2:thespitter":1},"minecraft:custom":{"minecraft:mob_kills":76,"tombstone:raider_killed":26,"minecraft:interact_with_crafting_table":1,"minecraft:damage_dealt_resisted":159,"minecraft:leave_game":1,"minecraft:time_since_death":797,"minecraft:climb_one_cm":357,"minecraft:time_since_rest":617,"minecraft:sprint_one_cm":298911,"minecraft:damage_taken":3952,"minecraft:walk_one_cm":287235,"minecraft:damage_blocked_by_shield":305,"minecraft:drop":16,"minecraft:damage_dealt":17155,"minecraft:swim_one_cm":24924,"minecraft:fly_one_cm":74138,"minecraft:open_chest":83,"minecraft:play_time":65453,"tombstone:undead_killed":36,"minecraft:deaths":12,"minecraft:sneak_time":145,"minecraft:walk_under_water_one_cm":11303,"minecraft:jump":576,"minecraft:walk_on_water_one_cm":23753,"minecraft:total_world_time":65453,"minecraft:fall_one_cm":8984},"minecraft:picked_up":{"luminousworld:blackberry":6,"minecraft:enchanted_book":3,"paraglider:spirit_orb":10,"minecraft:shield":1,"minecraft:gunpowder":2,"minecraft:string":6,"minecraft:dirt":3,"minecraft:paper":3,"tombstone:gift":1,"minecraft:smooth_stone_slab":1,"born_in_chaos_v1:monster_skin":7,"minecraft:bone":8,"minecraft:stone_bricks":2,"regions_unexplored:bamboo_sapling":1,"minecraft:bucket":1,"regions_unexplored:larch_log":2,"minecraft:iron_nugget":25,"minecraft:glass_bottle":1,"regions_unexplored:bamboo_log":10,"minecraft:iron_sword":1,"minecraft:book":3,"minecraft:stick":3,"minecraft:chiseled_stone_bricks":12,"mowziesmobs:wrought_helmet":1,"tombstone:grave_dust":8,"minecraft:arrow":9,"minecraft:rotten_flesh":23,"minecraft:stone_axe":1,"minecraft:emerald":16,"minecraft:totem_of_undying":2,"tombstone:magic_scroll":1},"minecraft:dropped":{"minecraft:enchanted_book":1,"regions_unexplored:bamboo_log":10,"born_in_chaos_v1:rotten_fish":1,"minecraft:oak_sign":1,"minecraft:chiseled_stone_bricks":8,"minecraft:dirt":1,"minecraft:oak_sapling":7,"minecraft:paper":3,"minecraft:string":6},"minecraft:broken":{"minecraft:shield":1,"minecraft:iron_sword":1,"minecraft:iron_leggings":1},"minecraft:mined":{"minecraft:podzol":2,"supplementaries:book_pile_horizontal":1,"minecraft:grass_block":3,"minecraft:spruce_leaves":4,"regions_unexplored:bamboo_log":13,"minecraft:chiseled_stone_bricks":4,"minecraft:large_fern":1,"minecraft:spawner":5,"minecraft:fire":8,"minecraft:smooth_stone_slab":1,"minecraft:grass":1,"minecraft:dirt":2,"minecraft:bamboo":1,"regions_unexplored:medium_grass":5,"regions_unexplored:larch_log":2,"minecraft:stone_bricks":2,"regions_unexplored:windswept_grass":8,"minecraft:oak_leaves":2,"minecraft:fern":2},"minecraft:killed_by":{"mowziesmobs:ferrous_wroughtnaut":1,"minecraft:vindicator":2,"minecraft:evoker":1,"minecraft:player":1,"minecraft:skeleton":2,"minecraft:zombie":2,"born_in_chaos_v1:dread_hound":1,"born_in_chaos_v1:maggot":1}},"DataVersion":3465}