{"stats":{"minecraft:crafted":{"minecraft:crafting_table":1,"minecraft:iron_sword":1,"regions_unexplored:larch_planks":8,"minecraft:stick":8},"minecraft:used":{"luminousworld:blackberry":2,"minecraft:shield":12,"minecraft:iron_sword":180,"minecraft:diamond_axe":2,"minecraft:iron_chestplate":2,"minecraft:dirt":2,"minecraft:crafting_table":1,"minecraft:book":1,"minecraft:apple":27,"minecraft:iron_pickaxe":25,"minecraft:iron_helmet":1,"minecraft:iron_boots":1,"minecraft:diamond_sword":27,"minecraft:sweet_berries":15,"tombstone:gift":8,"alexsmobs:animal_dictionary":1,"minecraft:iron_leggings":1},"minecraft:killed":{"illagerinvasion:archivist":3,"minecraft:evoker":2,"minecraft:vex":1,"minecraft:cave_spider":1,"minecraft:vindicator":9,"illagerinvasion:marauder":3,"illagerinvasion:alchemist":1,"illagerinvasion:basher":4,"born_in_chaos_v1:maggot":2,"minecraft:skeleton":5,"mowziesmobs:ferrous_wroughtnaut":1,"minecraft:zombie":23,"enemyexpansion:botfly":1,"illagerinvasion:provoker":4},"minecraft:custom":{"minecraft:mob_kills":60,"tombstone:raider_killed":26,"minecraft:interact_with_crafting_table":1,"minecraft:damage_dealt_resisted":40,"minecraft:leave_game":1,"minecraft:time_since_death":4077,"minecraft:climb_one_cm":357,"minecraft:time_since_rest":3872,"minecraft:sprint_one_cm":278484,"minecraft:damage_taken":2862,"minecraft:walk_one_cm":244800,"minecraft:damage_blocked_by_shield":165,"minecraft:drop":14,"minecraft:damage_dealt":13114,"minecraft:swim_one_cm":8708,"minecraft:fly_one_cm":57750,"minecraft:open_chest":83,"minecraft:play_time":53453,"tombstone:undead_killed":28,"minecraft:deaths":8,"minecraft:sneak_time":133,"minecraft:walk_under_water_one_cm":6096,"minecraft:jump":399,"minecraft:walk_on_water_one_cm":15942,"minecraft:total_world_time":53453,"minecraft:fall_one_cm":4766},"minecraft:picked_up":{"luminousworld:blackberry":6,"minecraft:enchanted_book":3,"paraglider:spirit_orb":10,"minecraft:shield":1,"minecraft:gunpowder":2,"minecraft:string":6,"minecraft:dirt":3,"minecraft:paper":3,"tombstone:gift":1,"minecraft:smooth_stone_slab":1,"minecraft:bone":6,"minecraft:stone_bricks":2,"minecraft:bucket":1,"regions_unexplored:larch_log":2,"minecraft:iron_nugget":25,"minecraft:glass_bottle":1,"minecraft:iron_sword":1,"minecraft:book":3,"minecraft:chiseled_stone_bricks":8,"mowziesmobs:wrought_helmet":1,"tombstone:grave_dust":8,"minecraft:arrow":7,"minecraft:rotten_flesh":14,"minecraft:stone_axe":1,"minecraft:emerald":16,"minecraft:totem_of_undying":2,"tombstone:magic_scroll":1},"minecraft:dropped":{"minecraft:enchanted_book":1,"born_in_chaos_v1:rotten_fish":1,"minecraft:oak_sign":1,"minecraft:chiseled_stone_bricks":4,"minecraft:dirt":1,"minecraft:oak_sapling":7,"minecraft:paper":3,"minecraft:string":6},"minecraft:broken":{"minecraft:iron_sword":1,"minecraft:iron_leggings":1},"minecraft:mined":{"supplementaries:book_pile_horizontal":1,"minecraft:grass_block":3,"minecraft:spruce_leaves":4,"minecraft:chiseled_stone_bricks":4,"minecraft:spawner":5,"minecraft:fire":8,"minecraft:smooth_stone_slab":1,"regions_unexplored:larch_log":2,"minecraft:stone_bricks":2},"minecraft:killed_by":{"mowziesmobs:ferrous_wroughtnaut":1,"minecraft:vindicator":2,"minecraft:evoker":1,"minecraft:skeleton":2,"minecraft:zombie":1}},"DataVersion":3465}