{"stats":{"minecraft:used":{"minecraft:spruce_planks":5,"minecraft:shield":19,"minecraft:iron_sword":180,"simpletomb:grave_key":15,"minecraft:iron_chestplate":3,"paraglider:goddess_statue":1,"minecraft:dirt":2,"born_in_chaos_v1:corpse_maggot":2,"minecraft:iron_helmet":3,"minecraft:iron_boots":1,"minecraft:magma_block":3,"minecraft:sweet_berries":15,"regions_unexplored:kapok_log":4,"tombstone:gift":10,"minecraft:iron_leggings":1,"minecraft:water_bucket":81,"minecraft:chorus_fruit":3,"luminousworld:blackberry":2,"minecraft:diamond_axe":330,"biomesoplenty:mahogany_log":50,"minecraft:crafting_table":3,"minecraft:book":1,"minecraft:apple":27,"minecraft:diamond_shovel":28,"minecraft:bread":25,"minecraft:iron_pickaxe":40,"minecraft:diamond_sword":360,"minecraft:bucket":82,"alexsmobs:animal_dictionary":1},"minecraft:picked_up":{"regions_unexplored:pointed_redstone":2,"luminousworld:blackberry":6,"iceandfire:fire_lily":2,"minecraft:diamond_sword":1,"minecraft:oak_stairs":5,"minecraft:stone_brick_wall":2,"minecraft:enchanted_book":3,"minecraft:shield":1,"iceandfire:manuscript":11,"paraglider:goddess_statue":2,"minecraft:string":25,"minecraft:flint_and_steel":1,"minecraft:smooth_stone_slab":1,"minecraft:sea_pickle":5,"minecraft:gold_nugget":138,"regions_unexplored:bamboo_sapling":1,"alexsmobs:banana":1,"minecraft:bucket":1,"regions_unexplored:kapok_sapling":7,"regions_unexplored:larch_log":2,"minecraft:iron_nugget":25,"iceandfire:dragonscales_red":18,"minecraft:iron_boots":2,"minecraft:dark_oak_sapling":2,"iceandfire:dragonscales_green":11,"minecraft:stick":22,"iceandfire:dragonbone":23,"iceandfire:dragonscales_gray":68,"regions_unexplored:elephant_ear":1,"minecraft:copper_ingot":4,"minecraft:torch":2,"regions_unexplored:saguaro_cactus":28,"minecraft:stone_button":7,"tombstone:grave_dust":11,"regions_unexplored:raw_redstone_block":1,"minecraft:warped_button":1,"minecraft:redstone":3,"regions_unexplored:daisy":4,"regions_unexplored:kapok_log":83,"minecraft:arrow":14,"minecraft:rotten_flesh":44,"biomesoplenty:mahogany_sapling":1,"iceandfire:chared_dirt":1,"iceandfire:fire_dragon_heart":2,"minecraft:iron_block":1,"minecraft:totem_of_undying":2,"supplementaries:ash":13,"minecraft:mutton":8,"minecraft:white_wool":4,"born_in_chaos_v1:corpse_maggot":2,"minecraft:magma_block":6,"minecraft:jungle_log":3,"paraglider:spirit_orb":10,"minecraft:oak_log":1,"minecraft:gunpowder":2,"minecraft:dirt":13,"minecraft:paper":3,"tombstone:gift":1,"born_in_chaos_v1:monster_skin":8,"minecraft:bone":17,"undead_revamp2:blacpetalblock":2,"minecraft:stone_bricks":6,"minecraft:wheat_seeds":37,"minecraft:cobweb":4,"minecraft:glass_bottle":1,"minecraft:bamboo":187,"iceandfire:fire_dragon_flesh":14,"minecraft:iron_sword":2,"regions_unexplored:bamboo_log":22,"minecraft:book":54,"regions_unexplored:palm_sapling":14,"minecraft:chiseled_stone_bricks":12,"iceandfire:ash":4,"born_in_chaos_v1:ethereal_spirit":3,"regions_unexplored:oak_shrub":1,"iceandfire:dragon_skull_fire":2,"born_in_chaos_v1:dark_rod":1,"mowziesmobs:wrought_helmet":1,"regions_unexplored:palm_log":2,"regions_unexplored:hyssop":8,"biomesoplenty:mahogany_log":71,"regions_unexplored:fireweed":12,"minecraft:stone_axe":1,"iceandfire:lectern":1,"minecraft:iron_helmet":1,"minecraft:emerald":16,"tombstone:magic_scroll":1,"minecraft:black_wool":1,"regions_unexplored:flowering_sapling":1},"minecraft:custom":{"minecraft:mob_kills":103,"minecraft:interact_with_crafting_table":12,"minecraft:damage_dealt_resisted":159,"minecraft:leave_game":3,"minecraft:time_since_death":15792,"minecraft:climb_one_cm":1763,"minecraft:sprint_one_cm":557679,"minecraft:walk_one_cm":584950,"minecraft:damage_blocked_by_shield":305,"minecraft:drop":70,"minecraft:play_time":176062,"minecraft:deaths":47,"minecraft:sneak_time":1398,"minecraft:walk_under_water_one_cm":59481,"minecraft:jump":1688,"minecraft:walk_on_water_one_cm":122904,"minecraft:total_world_time":176062,"minecraft:interact_with_furnace":2,"tombstone:raider_killed":26,"minecraft:time_since_rest":15745,"minecraft:waystone_activated":1,"minecraft:damage_taken":15346,"minecraft:damage_dealt":28961,"minecraft:swim_one_cm":60377,"minecraft:fly_one_cm":254382,"minecraft:player_kills":2,"minecraft:open_chest":132,"minecraft:crouch_one_cm":5961,"tombstone:undead_killed":48,"minecraft:fall_one_cm":34862,"minecraft:horse_one_cm":152716},"minecraft:mined":{"iceandfire:graveyard_soil":9,"regions_unexplored:kapok_log":86,"minecraft:grass_block":10,"minecraft:jungle_log":5,"iceandfire:lectern":1,"iceandfire:chared_dirt":1,"regions_unexplored:saguaro_cactus":28,"minecraft:spruce_leaves":4,"minecraft:tube_coral_block":1,"regions_unexplored:raw_redstone_block":1,"minecraft:chiseled_stone_bricks":4,"minecraft:spawner":5,"minecraft:large_fern":1,"minecraft:magma_block":8,"minecraft:fire":22,"minecraft:bookshelf":17,"iceandfire:gold_pile":18,"minecraft:brain_coral_wall_fan":1,"regions_unexplored:medium_grass":8,"minecraft:bamboo":18,"regions_unexplored:larch_log":2,"minecraft:stone":3,"minecraft:iron_block":1,"regions_unexplored:windswept_grass":8,"minecraft:cake":1,"minecraft:podzol":2,"supplementaries:book_pile_horizontal":1,"iceandfire:ghost_chest":1,"regions_unexplored:bamboo_log":13,"minecraft:sea_pickle":3,"biomesoplenty:mahogany_log":124,"iceandfire:ash":1,"minecraft:smooth_stone_slab":1,"minecraft:grass":5,"minecraft:oak_log":1,"minecraft:dirt":15,"minecraft:cobweb":19,"minecraft:stone_bricks":2,"minecraft:oak_leaves":7,"minecraft:fern":20,"paraglider:goddess_statue":1},"minecraft:killed":{"illagerinvasion:archivist":3,"minecraft:evoker":2,"minecraft:vex":1,"minecraft:cave_spider":1,"undead_revamp2:theimmortal":5,"born_in_chaos_v1:restless_spirit":1,"minecraft:spider":1,"minecraft:vindicator":9,"illagerinvasion:marauder":3,"enemyexpansion:direwolf":1,"born_in_chaos_v1:zombie_bruiser":1,"illagerinvasion:basher":4,"born_in_chaos_v1:maggot":5,"minecraft:skeleton":7,"born_in_chaos_v1:dire_hound_leader":1,"mowziesmobs:ferrous_wroughtnaut":1,"iceandfire:fire_dragon":2,"illagerinvasion:provoker":4,"undead_revamp2:thespitter":1,"minecraft:husk":1,"born_in_chaos_v1:baby_skeleton":1,"undead_revamp2:the_moonflower":2,"illagerinvasion:alchemist":1,"born_in_chaos_v1:decrepit_skeleton":4,"born_in_chaos_v1:bloody_gadfly":1,"minecraft:zombie":23,"iceandfire:ghost":2,"born_in_chaos_v1:dread_hound":5,"born_in_chaos_v1:dark_vortex":1,"enemyexpansion:botfly":1,"enemyexpansion:huntsman":1,"earthmobsmod:horned_sheep":5},"minecraft:broken":{"minecraft:iron_boots":1,"minecraft:iron_chestplate":1,"minecraft:iron_leggings":2,"minecraft:shield":1,"minecraft:iron_sword":1,"minecraft:iron_helmet":2},"minecraft:crafted":{"biomesoplenty:mahogany_planks":52,"iceandfire:dragon_stick":1,"regions_unexplored:larch_planks":8,"regions_unexplored:kapok_planks":68,"minecraft:leather":2,"minecraft:crafting_table":3,"minecraft:iron_sword":1,"minecraft:stick":8,"minecraft:iron_ingot":9},"minecraft:dropped":{"minecraft:enchanted_book":1,"biomesoplenty:mahogany_log":10,"minecraft:iron_sword":2,"minecraft:wheat_seeds":44,"simpletomb:grave_key":1,"minecraft:dark_oak_sapling":2,"iceandfire:chared_dirt":1,"biomesoplenty:mahogany_planks":48,"regions_unexplored:flowering_sapling":1,"minecraft:copper_ingot":2,"regions_unexplored:daisy":4,"minecraft:stick":1,"minecraft:dirt":7,"minecraft:cobweb":4,"regions_unexplored:elephant_ear":1,"regions_unexplored:palm_sapling":8,"minecraft:paper":3,"undead_revamp2:blacpetalblock":2,"minecraft:string":6,"minecraft:bone":1,"regions_unexplored:raw_redstone_block":1,"regions_unexplored:bamboo_log":10,"born_in_chaos_v1:rotten_fish":1,"minecraft:rotten_flesh":46,"iceandfire:fire_lily":2,"regions_unexplored:hyssop":8,"regions_unexplored:oak_shrub":1,"minecraft:oak_sign":1,"minecraft:chiseled_stone_bricks":8,"minecraft:diamond_sword":1,"supplementaries:ash":2,"regions_unexplored:kapok_planks":64,"regions_unexplored:kapok_sapling":4,"minecraft:jungle_log":3,"minecraft:oak_sapling":7,"biomesoplenty:mahogany_sapling":1,"alexsmobs:banana":1,"iceandfire:manuscript":11,"minecraft:black_wool":1},"minecraft:killed_by":{"minecraft:evoker":1,"undead_revamp2:sucker":1,"minecraft:player":2,"mowziesmobs:ferrous_wroughtnaut":1,"minecraft:vindicator":2,"minecraft:skeleton":2,"minecraft:zombie":3,"born_in_chaos_v1:dread_hound":1,"born_in_chaos_v1:maggot":1,"iceandfire:fire_dragon":29}},"DataVersion":3465}