{"stats":{"minecraft:used":{"luminousworld:blackberry":2,"minecraft:iron_helmet":1,"minecraft:iron_sword":34,"minecraft:iron_chestplate":1,"minecraft:dirt":2,"minecraft:sweet_berries":15,"tombstone:gift":2},"minecraft:killed":{"illagerinvasion:archivist":1,"minecraft:evoker":1,"minecraft:vex":1,"illagerinvasion:provoker":2,"minecraft:vindicator":3,"illagerinvasion:basher":1},"minecraft:custom":{"minecraft:time_since_rest":2736,"minecraft:sprint_one_cm":100302,"minecraft:walk_one_cm":47105,"minecraft:damage_taken":462,"minecraft:mob_kills":9,"minecraft:drop":5,"tombstone:raider_killed":8,"minecraft:damage_dealt":2050,"minecraft:swim_one_cm":6570,"minecraft:fly_one_cm":36557,"minecraft:open_chest":7,"minecraft:play_time":17453,"minecraft:deaths":2,"minecraft:sneak_time":125,"minecraft:walk_under_water_one_cm":2787,"minecraft:jump":211,"minecraft:leave_game":1,"minecraft:walk_on_water_one_cm":2490,"minecraft:time_since_death":2876,"minecraft:climb_one_cm":357,"minecraft:total_world_time":17453,"minecraft:fall_one_cm":2611},"minecraft:dropped":{"minecraft:enchanted_book":1,"minecraft:dirt":1,"minecraft:oak_sapling":7,"minecraft:string":4,"minecraft:oak_sign":1},"minecraft:picked_up":{"minecraft:book":1,"luminousworld:blackberry":6,"minecraft:enchanted_book":1,"minecraft:dirt":3,"minecraft:string":4,"minecraft:totem_of_undying":1,"minecraft:emerald":5,"minecraft:iron_nugget":7},"minecraft:mined":{"minecraft:fire":8,"minecraft:grass_block":3,"minecraft:spruce_leaves":4},"minecraft:killed_by":{"minecraft:vindicator":1}},"DataVersion":3465}