{"stats":{"minecraft:used":{"tombstone:gift":2},"minecraft:custom":{"minecraft:jump":47,"minecraft:open_chest":2,"minecraft:time_since_rest":3427,"minecraft:sprint_one_cm":13178,"minecraft:walk_one_cm":10720,"minecraft:leave_game":1,"minecraft:play_time":5453,"minecraft:damage_taken":100,"minecraft:time_since_death":4989,"minecraft:deaths":1,"minecraft:sneak_time":124,"minecraft:total_world_time":5453,"minecraft:fall_one_cm":1589,"minecraft:fly_one_cm":10887},"minecraft:picked_up":{"minecraft:dirt":1},"minecraft:mined":{"minecraft:spruce_leaves":4,"minecraft:grass_block":1}},"DataVersion":3465}