{"stats":{"minecraft:used":{"minecraft:apple":10,"luminousworld:blackberry":2,"minecraft:iron_pickaxe":11,"minecraft:iron_helmet":1,"minecraft:iron_sword":96,"minecraft:iron_chestplate":1,"minecraft:dirt":2,"minecraft:sweet_berries":15,"alexsmobs:animal_dictionary":1,"tombstone:gift":6,"minecraft:book":1},"minecraft:killed":{"illagerinvasion:archivist":3,"minecraft:evoker":2,"minecraft:vex":1,"illagerinvasion:provoker":4,"minecraft:vindicator":9,"illagerinvasion:marauder":3,"illagerinvasion:alchemist":1,"illagerinvasion:basher":3},"minecraft:custom":{"minecraft:time_since_rest":8775,"minecraft:sprint_one_cm":175955,"minecraft:walk_one_cm":93006,"minecraft:damage_taken":1346,"minecraft:mob_kills":26,"minecraft:drop":12,"tombstone:raider_killed":25,"minecraft:damage_dealt":6176,"minecraft:swim_one_cm":8708,"minecraft:fly_one_cm":42005,"minecraft:open_chest":30,"minecraft:play_time":29453,"minecraft:deaths":4,"minecraft:sneak_time":133,"minecraft:walk_under_water_one_cm":6096,"minecraft:jump":277,"minecraft:leave_game":1,"minecraft:walk_on_water_one_cm":13800,"minecraft:time_since_death":8869,"minecraft:climb_one_cm":357,"minecraft:total_world_time":29453,"minecraft:fall_one_cm":3272},"minecraft:dropped":{"minecraft:chiseled_stone_bricks":4,"minecraft:enchanted_book":1,"minecraft:dirt":1,"minecraft:oak_sapling":7,"minecraft:paper":3,"minecraft:string":4,"minecraft:oak_sign":1},"minecraft:picked_up":{"minecraft:book":3,"luminousworld:blackberry":6,"minecraft:chiseled_stone_bricks":8,"minecraft:enchanted_book":2,"minecraft:shield":1,"minecraft:gunpowder":2,"minecraft:dirt":3,"minecraft:string":4,"minecraft:paper":3,"minecraft:arrow":4,"minecraft:stone_bricks":2,"minecraft:totem_of_undying":2,"minecraft:emerald":15,"minecraft:iron_nugget":18,"minecraft:glass_bottle":1},"minecraft:broken":{"minecraft:iron_sword":1},"minecraft:mined":{"supplementaries:book_pile_horizontal":1,"minecraft:fire":8,"minecraft:grass_block":3,"minecraft:stone_bricks":2,"minecraft:spruce_leaves":4,"minecraft:chiseled_stone_bricks":4},"minecraft:killed_by":{"minecraft:vindicator":2,"minecraft:evoker":1}},"DataVersion":3465}