{"stats":{"minecraft:crafted":{"regions_unexplored:larch_planks":8,"minecraft:leather":2,"minecraft:crafting_table":1,"minecraft:iron_sword":1,"minecraft:stick":8,"minecraft:iron_ingot":9},"minecraft:used":{"minecraft:shield":19,"minecraft:iron_sword":180,"simpletomb:grave_key":7,"minecraft:iron_chestplate":2,"paraglider:goddess_statue":1,"minecraft:dirt":2,"born_in_chaos_v1:corpse_maggot":2,"minecraft:iron_helmet":1,"minecraft:iron_boots":1,"minecraft:sweet_berries":15,"tombstone:gift":10,"minecraft:iron_leggings":1,"minecraft:water_bucket":17,"minecraft:chorus_fruit":3,"luminousworld:blackberry":2,"minecraft:diamond_axe":107,"minecraft:crafting_table":1,"minecraft:book":1,"minecraft:apple":27,"minecraft:bread":18,"minecraft:iron_pickaxe":28,"minecraft:diamond_sword":215,"minecraft:bucket":17,"alexsmobs:animal_dictionary":1},"minecraft:killed":{"illagerinvasion:archivist":3,"minecraft:evoker":2,"minecraft:vex":1,"minecraft:cave_spider":1,"undead_revamp2:theimmortal":5,"minecraft:vindicator":9,"illagerinvasion:marauder":3,"enemyexpansion:direwolf":1,"born_in_chaos_v1:zombie_bruiser":1,"illagerinvasion:basher":4,"born_in_chaos_v1:maggot":5,"minecraft:skeleton":7,"born_in_chaos_v1:dire_hound_leader":1,"mowziesmobs:ferrous_wroughtnaut":1,"iceandfire:fire_dragon":1,"illagerinvasion:provoker":4,"undead_revamp2:thespitter":1,"minecraft:husk":1,"undead_revamp2:the_moonflower":1,"illagerinvasion:alchemist":1,"born_in_chaos_v1:decrepit_skeleton":2,"born_in_chaos_v1:bloody_gadfly":1,"minecraft:zombie":23,"born_in_chaos_v1:dread_hound":5,"enemyexpansion:botfly":1,"born_in_chaos_v1:dark_vortex":1,"enemyexpansion:huntsman":1},"minecraft:custom":{"minecraft:mob_kills":89,"minecraft:interact_with_crafting_table":2,"minecraft:damage_dealt_resisted":159,"minecraft:leave_game":1,"minecraft:time_since_death":28443,"minecraft:climb_one_cm":1189,"minecraft:sprint_one_cm":419531,"minecraft:walk_one_cm":444334,"minecraft:damage_blocked_by_shield":305,"minecraft:drop":41,"minecraft:play_time":113453,"minecraft:deaths":20,"minecraft:sneak_time":263,"minecraft:walk_under_water_one_cm":25270,"minecraft:jump":1007,"minecraft:walk_on_water_one_cm":33820,"minecraft:total_world_time":113453,"tombstone:raider_killed":26,"minecraft:time_since_rest":28207,"minecraft:damage_taken":6827,"minecraft:damage_dealt":23142,"minecraft:swim_one_cm":44237,"minecraft:fly_one_cm":135766,"minecraft:open_chest":128,"minecraft:crouch_one_cm":864,"tombstone:undead_killed":42,"minecraft:fall_one_cm":21695,"minecraft:horse_one_cm":138781},"minecraft:picked_up":{"luminousworld:blackberry":6,"minecraft:diamond_sword":1,"minecraft:oak_stairs":5,"minecraft:stone_brick_wall":2,"minecraft:enchanted_book":3,"minecraft:shield":1,"iceandfire:manuscript":11,"paraglider:goddess_statue":2,"minecraft:string":25,"minecraft:smooth_stone_slab":1,"minecraft:sea_pickle":5,"minecraft:gold_nugget":138,"regions_unexplored:bamboo_sapling":1,"minecraft:bucket":1,"regions_unexplored:larch_log":2,"minecraft:iron_nugget":25,"iceandfire:dragonscales_red":18,"minecraft:iron_boots":2,"minecraft:dark_oak_sapling":2,"minecraft:stick":6,"iceandfire:dragonbone":11,"iceandfire:dragonscales_green":11,"minecraft:torch":2,"regions_unexplored:saguaro_cactus":28,"minecraft:stone_button":7,"tombstone:grave_dust":8,"minecraft:warped_button":1,"regions_unexplored:daisy":4,"minecraft:arrow":12,"minecraft:rotten_flesh":34,"iceandfire:chared_dirt":1,"iceandfire:fire_dragon_heart":1,"minecraft:iron_block":1,"minecraft:totem_of_undying":2,"supplementaries:ash":1,"born_in_chaos_v1:corpse_maggot":2,"paraglider:spirit_orb":10,"minecraft:oak_log":1,"minecraft:gunpowder":2,"minecraft:dirt":3,"minecraft:paper":3,"tombstone:gift":1,"born_in_chaos_v1:monster_skin":8,"minecraft:bone":12,"undead_revamp2:blacpetalblock":1,"minecraft:stone_bricks":6,"minecraft:wheat_seeds":12,"minecraft:cobweb":3,"minecraft:glass_bottle":1,"minecraft:bamboo":187,"minecraft:iron_sword":2,"iceandfire:fire_dragon_flesh":1,"regions_unexplored:bamboo_log":22,"minecraft:book":54,"minecraft:chiseled_stone_bricks":12,"iceandfire:ash":3,"born_in_chaos_v1:ethereal_spirit":1,"regions_unexplored:oak_shrub":1,"iceandfire:dragon_skull_fire":1,"born_in_chaos_v1:dark_rod":1,"mowziesmobs:wrought_helmet":1,"regions_unexplored:hyssop":8,"regions_unexplored:fireweed":12,"minecraft:stone_axe":1,"iceandfire:lectern":1,"minecraft:iron_helmet":1,"minecraft:emerald":16,"tombstone:magic_scroll":1},"minecraft:dropped":{"minecraft:enchanted_book":1,"minecraft:iron_sword":1,"minecraft:wheat_seeds":1,"minecraft:dark_oak_sapling":2,"simpletomb:grave_key":1,"iceandfire:chared_dirt":1,"minecraft:copper_ingot":2,"regions_unexplored:daisy":4,"minecraft:cobweb":3,"minecraft:dirt":1,"minecraft:paper":3,"minecraft:string":6,"minecraft:bone":1,"regions_unexplored:bamboo_log":10,"born_in_chaos_v1:rotten_fish":1,"regions_unexplored:hyssop":8,"regions_unexplored:oak_shrub":1,"minecraft:oak_sign":1,"minecraft:chiseled_stone_bricks":8,"minecraft:diamond_sword":1,"supplementaries:ash":1,"minecraft:oak_sapling":7,"iceandfire:manuscript":11},"minecraft:broken":{"minecraft:iron_leggings":1,"minecraft:shield":1,"minecraft:iron_sword":1,"minecraft:iron_helmet":1},"minecraft:mined":{"minecraft:grass_block":3,"iceandfire:lectern":1,"regions_unexplored:saguaro_cactus":28,"iceandfire:chared_dirt":1,"minecraft:spruce_leaves":4,"minecraft:tube_coral_block":1,"minecraft:chiseled_stone_bricks":4,"minecraft:spawner":5,"minecraft:large_fern":1,"minecraft:fire":16,"minecraft:bookshelf":17,"iceandfire:gold_pile":18,"minecraft:brain_coral_wall_fan":1,"regions_unexplored:medium_grass":6,"minecraft:bamboo":18,"regions_unexplored:larch_log":2,"minecraft:iron_block":1,"regions_unexplored:windswept_grass":8,"minecraft:cake":1,"minecraft:podzol":2,"supplementaries:book_pile_horizontal":1,"regions_unexplored:bamboo_log":13,"minecraft:sea_pickle":3,"minecraft:smooth_stone_slab":1,"minecraft:grass":2,"minecraft:dirt":2,"minecraft:cobweb":19,"minecraft:stone_bricks":2,"minecraft:oak_leaves":4,"minecraft:fern":5,"paraglider:goddess_statue":1},"minecraft:killed_by":{"minecraft:evoker":1,"minecraft:player":1,"mowziesmobs:ferrous_wroughtnaut":1,"minecraft:vindicator":2,"minecraft:skeleton":2,"minecraft:zombie":2,"born_in_chaos_v1:dread_hound":1,"born_in_chaos_v1:maggot":1,"iceandfire:fire_dragon":6}},"DataVersion":3465}