{"stats":{"minecraft:crafted":{"minecraft:cooked_beef":2,"minecraft:crafting_table":2,"minecraft:spruce_planks":16,"minecraft:wooden_pickaxe":1,"minecraft:furnace":2,"minecraft:stone_axe":2,"minecraft:air":0,"regions_unexplored:redwood_planks":8,"minecraft:stick":12,"minecraft:iron_ingot":2,"minecraft:iron_pickaxe":1,"minecraft:torch":8},"minecraft:used":{"minecraft:wooden_pickaxe":29,"simpletomb:grave_key":1,"minecraft:torch":17,"minecraft:crafting_table":7,"born_in_chaos_v1:corpse_maggot":1,"minecraft:melon_slice":10,"minecraft:bread":17,"minecraft:iron_pickaxe":94,"alexscaves:porous_coprolith":1,"minecraft:stone_axe":157,"minecraft:cobblestone":10,"minecraft:furnace":2,"tombstone:gift":4,"minecraft:egg":1,"minecraft:cooked_beef":2},"minecraft:killed":{"earthmobsmod:bouldering_zombie":1,"minecraft:pig":1,"born_in_chaos_v1:diamond_termite":2,"alexscaves:vesper":1,"minecraft:spider":1,"enemyexpansion:direwolf":1,"born_in_chaos_v1:maggot":2,"minecraft:skeleton":1,"minecraft:zombie":4,"iceandfire:ghost":6,"enemyexpansion:huntsman":1,"undead_revamp2:theskeeper":1,"born_in_chaos_v1:door_knight":1,"minecraft:cow":1},"minecraft:custom":{"minecraft:interact_with_furnace":7,"minecraft:mob_kills":26,"minecraft:interact_with_crafting_table":10,"minecraft:time_since_death":3204,"minecraft:sleep_in_bed":1,"minecraft:time_since_rest":1105,"minecraft:sprint_one_cm":164202,"minecraft:damage_taken":3432,"minecraft:walk_one_cm":97630,"minecraft:trigger_trapped_chest":6,"minecraft:drop":17,"minecraft:damage_dealt":5651,"minecraft:swim_one_cm":4666,"minecraft:fly_one_cm":165938,"minecraft:open_chest":3,"minecraft:crouch_one_cm":2289,"minecraft:play_time":41404,"tombstone:undead_killed":15,"minecraft:deaths":7,"minecraft:sneak_time":707,"minecraft:walk_under_water_one_cm":1943,"minecraft:jump":965,"minecraft:walk_on_water_one_cm":2916,"minecraft:total_world_time":41404,"minecraft:fall_one_cm":27164},"minecraft:picked_up":{"born_in_chaos_v1:corpse_maggot":1,"born_in_chaos_v1:diamond_termite_shard":2,"minecraft:cocoa_beans":3,"minecraft:crafting_table":5,"minecraft:leather":2,"minecraft:brown_mushroom":4,"regions_unexplored:palm_shrub":1,"mca:book_romance":1,"minecraft:string":4,"minecraft:red_candle":34,"minecraft:bone":4,"minecraft:wheat_seeds":1,"alexscaves:guano":1,"minecraft:cobbled_deepslate":4,"minecraft:beef":3,"minecraft:melon_slice":28,"alexscaves:porous_coprolith":3,"regions_unexplored:redwood_log":2,"minecraft:egg":1,"minecraft:raw_iron":4,"minecraft:stick":2,"regions_unexplored:day_lily":1,"minecraft:sweet_berries":63,"minecraft:torch":17,"minecraft:gravel":12,"minecraft:porkchop":2,"tombstone:grave_dust":4,"minecraft:spruce_log":4,"minecraft:redstone":20,"minecraft:mossy_cobblestone":1,"minecraft:arrow":2,"minecraft:rotten_flesh":8,"regions_unexplored:redstone_bulb":1,"minecraft:diamond":1,"waystones:waystone":1,"alexscaves:vesper_wing":1,"tombstone:essence_of_undeath":1,"minecraft:bread":20,"minecraft:coal":20,"minecraft:cobblestone":41},"minecraft:dropped":{"minecraft:gravel":6,"minecraft:porkchop":1,"minecraft:brown_mushroom":4,"minecraft:wheat_seeds":1,"alexsmobs:animal_dictionary":1,"minecraft:cobbled_deepslate":4,"minecraft:cobblestone":5,"regions_unexplored:palm_shrub":1},"minecraft:broken":{"minecraft:stone_axe":2},"minecraft:mined":{"minecraft:deepslate_redstone_ore":6,"iceandfire:graveyard_soil":1,"minecraft:mossy_cobblestone":1,"alexscaves:porous_coprolith":1,"minecraft:deepslate_diamond_ore":1,"minecraft:crafting_table":6,"born_in_chaos_v1:infected_deepslate_diamond_ore":1,"minecraft:torch":8,"minecraft:melon":6,"alexscaves:peering_coprolith":2,"minecraft:cobblestone":5,"minecraft:wall_torch":5,"minecraft:large_fern":1,"minecraft:red_candle":12,"minecraft:sweet_berry_bush":26,"minecraft:fire":2,"minecraft:spruce_log":4,"biomesoplenty:hanging_cobweb":1,"minecraft:grass":6,"minecraft:deepslate_iron_ore":4,"minecraft:coal_ore":20,"minecraft:cocoa":1,"minecraft:vine":1,"regions_unexplored:medium_grass":5,"minecraft:stone":36,"regions_unexplored:redwood_log":2,"regions_unexplored:day_lily":1,"minecraft:deepslate":8,"regions_unexplored:redstone_bulb":1,"minecraft:fern":2},"minecraft:killed_by":{"minecraft:player":1,"undead_revamp2:the_moonflower":2,"enemyexpansion:direwolf":1,"iceandfire:ghost":1,"enemyexpansion:huntsman":1}},"DataVersion":3465}