{"stats":{"minecraft:crafted":{"minecraft:cooked_beef":2,"minecraft:crafting_table":2,"minecraft:spruce_planks":16,"minecraft:wooden_pickaxe":1,"minecraft:furnace":1,"minecraft:stone_axe":2,"minecraft:air":0,"regions_unexplored:redwood_planks":8,"minecraft:stick":8,"minecraft:iron_pickaxe":1,"minecraft:torch":8},"minecraft:used":{"minecraft:wooden_pickaxe":29,"minecraft:torch":11,"minecraft:crafting_table":7,"minecraft:bread":15,"minecraft:iron_pickaxe":26,"alexscaves:porous_coprolith":1,"minecraft:stone_axe":119,"minecraft:cobblestone":10,"minecraft:furnace":1,"tombstone:gift":4,"minecraft:egg":1,"minecraft:cooked_beef":2},"minecraft:killed":{"minecraft:pig":1,"alexscaves:vesper":1,"minecraft:spider":1,"born_in_chaos_v1:maggot":1,"minecraft:skeleton":1,"minecraft:zombie":2,"iceandfire:ghost":6,"enemyexpansion:huntsman":1,"undead_revamp2:theskeeper":1,"born_in_chaos_v1:door_knight":1,"minecraft:cow":1},"minecraft:custom":{"minecraft:interact_with_furnace":5,"minecraft:mob_kills":19,"minecraft:interact_with_crafting_table":8,"minecraft:time_since_death":10394,"minecraft:time_since_rest":10219,"minecraft:sprint_one_cm":107010,"minecraft:damage_taken":2307,"minecraft:walk_one_cm":71409,"minecraft:trigger_trapped_chest":6,"minecraft:drop":1,"minecraft:damage_dealt":4561,"minecraft:swim_one_cm":4666,"minecraft:fly_one_cm":133057,"minecraft:crouch_one_cm":1926,"minecraft:play_time":29404,"tombstone:undead_killed":12,"minecraft:deaths":5,"minecraft:sneak_time":492,"minecraft:walk_under_water_one_cm":1717,"minecraft:jump":760,"minecraft:walk_on_water_one_cm":2337,"minecraft:total_world_time":29404,"minecraft:fall_one_cm":15765},"minecraft:dropped":{"alexsmobs:animal_dictionary":1},"minecraft:picked_up":{"minecraft:cocoa_beans":3,"minecraft:crafting_table":5,"minecraft:leather":2,"minecraft:brown_mushroom":4,"minecraft:string":4,"minecraft:bone":4,"alexscaves:guano":1,"minecraft:beef":3,"minecraft:melon_slice":28,"alexscaves:porous_coprolith":3,"regions_unexplored:redwood_log":2,"minecraft:egg":1,"minecraft:stick":2,"regions_unexplored:day_lily":1,"minecraft:torch":8,"minecraft:porkchop":1,"tombstone:grave_dust":4,"minecraft:spruce_log":4,"minecraft:mossy_cobblestone":1,"minecraft:arrow":2,"minecraft:rotten_flesh":6,"waystones:waystone":1,"alexscaves:vesper_wing":1,"tombstone:essence_of_undeath":1,"minecraft:bread":20,"minecraft:coal":20,"minecraft:cobblestone":29},"minecraft:broken":{"minecraft:stone_axe":1},"minecraft:mined":{"iceandfire:graveyard_soil":1,"minecraft:mossy_cobblestone":1,"alexscaves:porous_coprolith":1,"minecraft:crafting_table":6,"minecraft:torch":4,"minecraft:melon":6,"alexscaves:peering_coprolith":2,"minecraft:cobblestone":5,"minecraft:wall_torch":4,"minecraft:large_fern":1,"minecraft:spruce_log":4,"minecraft:grass":6,"minecraft:coal_ore":20,"minecraft:cocoa":1,"minecraft:vine":1,"regions_unexplored:medium_grass":5,"minecraft:stone":24,"regions_unexplored:redwood_log":2,"regions_unexplored:day_lily":1,"minecraft:fern":2},"minecraft:killed_by":{"undead_revamp2:the_moonflower":2,"enemyexpansion:direwolf":1,"iceandfire:ghost":1,"enemyexpansion:huntsman":1}},"DataVersion":3465}