{"stats":{"minecraft:crafted":{"minecraft:cooked_beef":2,"minecraft:crafting_table":1,"minecraft:spruce_planks":16,"minecraft:stick":4,"minecraft:wooden_pickaxe":1,"minecraft:furnace":1,"minecraft:stone_axe":1,"minecraft:air":0},"minecraft:used":{"minecraft:wooden_pickaxe":29,"minecraft:stone_axe":19,"minecraft:cobblestone":6,"minecraft:crafting_table":5,"minecraft:furnace":1,"minecraft:cooked_beef":1},"minecraft:killed":{"iceandfire:ghost":1,"minecraft:cow":1},"minecraft:custom":{"minecraft:time_since_rest":544,"minecraft:interact_with_furnace":5,"minecraft:sprint_one_cm":35622,"minecraft:damage_taken":300,"minecraft:walk_one_cm":21135,"minecraft:trigger_trapped_chest":5,"minecraft:mob_kills":2,"minecraft:drop":1,"minecraft:damage_dealt":876,"minecraft:interact_with_crafting_table":4,"minecraft:swim_one_cm":3788,"minecraft:fly_one_cm":38248,"minecraft:crouch_one_cm":996,"minecraft:play_time":11404,"tombstone:undead_killed":1,"minecraft:deaths":1,"minecraft:sneak_time":226,"minecraft:walk_under_water_one_cm":1639,"minecraft:jump":218,"minecraft:time_since_death":692,"minecraft:walk_on_water_one_cm":2179,"minecraft:total_world_time":11404,"minecraft:fall_one_cm":4298},"minecraft:dropped":{"alexsmobs:animal_dictionary":1},"minecraft:picked_up":{"minecraft:crafting_table":4,"minecraft:leather":2,"minecraft:spruce_log":4,"minecraft:mossy_cobblestone":1,"minecraft:beef":3,"minecraft:cobblestone":27,"regions_unexplored:redwood_log":2},"minecraft:mined":{"minecraft:large_fern":1,"iceandfire:graveyard_soil":1,"minecraft:mossy_cobblestone":1,"minecraft:spruce_log":4,"minecraft:crafting_table":4,"minecraft:grass":1,"minecraft:vine":1,"regions_unexplored:medium_grass":1,"minecraft:cobblestone":5,"minecraft:stone":22,"regions_unexplored:redwood_log":2,"regions_unexplored:day_lily":1,"minecraft:fern":1},"minecraft:killed_by":{"iceandfire:ghost":1}},"DataVersion":3465}