{"stats":{"minecraft:broken":{"minecraft:stone_axe":2},"minecraft:mined":{"iceandfire:graveyard_soil":1,"minecraft:mossy_cobblestone":1,"minecraft:deepslate_diamond_ore":1,"minecraft:grass_block":1,"minecraft:large_fern":1,"minecraft:fire":4,"biomesoplenty:hanging_cobweb":1,"minecraft:vine":1,"minecraft:deepslate_iron_ore":4,"regions_unexplored:medium_grass":5,"regions_unexplored:day_lily":1,"minecraft:stone":47,"regions_unexplored:redwood_log":2,"regions_unexplored:redstone_bulb":1,"minecraft:deepslate_redstone_ore":6,"alexscaves:porous_coprolith":1,"born_in_chaos_v1:infected_deepslate_diamond_ore":1,"minecraft:crafting_table":6,"minecraft:torch":8,"minecraft:melon":8,"alexscaves:peering_coprolith":2,"minecraft:cobblestone":5,"minecraft:blue_bed":1,"minecraft:wall_torch":5,"minecraft:purple_bed":1,"minecraft:red_candle":12,"biomesoplenty:mahogany_log":23,"minecraft:sweet_berry_bush":26,"minecraft:spruce_log":4,"minecraft:grass":12,"minecraft:coal_ore":20,"minecraft:oak_log":22,"minecraft:cocoa":1,"minecraft:dirt":1,"minecraft:deepslate":8,"minecraft:fern":6},"minecraft:killed_by":{"minecraft:player":1,"undead_revamp2:the_moonflower":2,"enemyexpansion:huntsman":1,"enemyexpansion:direwolf":1,"iceandfire:ghost":1,"undead_revamp2:thebeartamer":1,"iceandfire:fire_dragon":3},"minecraft:used":{"simpletomb:grave_key":1,"minecraft:torch":17,"born_in_chaos_v1:corpse_maggot":1,"minecraft:iron_axe":85,"minecraft:sweet_berries":5,"minecraft:furnace":2,"tombstone:gift":4,"minecraft:egg":1,"minecraft:cooked_beef":2,"minecraft:wooden_pickaxe":29,"minecraft:blue_bed":1,"minecraft:crafting_table":8,"minecraft:melon_slice":10,"minecraft:bread":17,"minecraft:iron_pickaxe":105,"alexscaves:porous_coprolith":1,"minecraft:stone_axe":157,"minecraft:cobblestone":10,"minecraft:purple_bed":1,"minecraft:cooked_porkchop":1},"minecraft:custom":{"minecraft:mob_kills":31,"minecraft:interact_with_crafting_table":13,"minecraft:leave_game":1,"minecraft:time_since_death":14626,"minecraft:sprint_one_cm":213655,"minecraft:walk_one_cm":138970,"minecraft:drop":28,"minecraft:play_time":68250,"minecraft:deaths":11,"minecraft:sneak_time":1276,"minecraft:walk_under_water_one_cm":7300,"minecraft:jump":1362,"minecraft:total_world_time":68250,"minecraft:walk_on_water_one_cm":36254,"minecraft:interact_with_furnace":9,"minecraft:sleep_in_bed":1,"minecraft:time_since_rest":14494,"minecraft:damage_taken":4472,"minecraft:trigger_trapped_chest":6,"minecraft:damage_dealt":6461,"minecraft:swim_one_cm":9184,"minecraft:fly_one_cm":298230,"minecraft:open_chest":6,"minecraft:crouch_one_cm":3336,"tombstone:undead_killed":18,"minecraft:fall_one_cm":36927},"minecraft:dropped":{"minecraft:brown_mushroom":4,"minecraft:porkchop":1,"minecraft:wheat_seeds":1,"minecraft:cobblestone":5,"minecraft:dirt":2,"minecraft:gravel":6,"alexsmobs:animal_dictionary":1,"minecraft:cobbled_deepslate":4,"minecraft:cocoa_beans":6,"undead_revamp2:arapholia":1,"alexscaves:vesper_wing":3,"regions_unexplored:palm_shrub":1,"supplementaries:ash":10},"minecraft:crafted":{"biomesoplenty:mahogany_planks":36,"minecraft:furnace":2,"regions_unexplored:kapok_planks":32,"minecraft:iron_axe":1,"minecraft:cooked_beef":2,"minecraft:cooked_porkchop":1,"minecraft:crafting_table":3,"minecraft:spruce_planks":16,"minecraft:wooden_pickaxe":1,"minecraft:stone_axe":2,"minecraft:air":0,"regions_unexplored:redwood_planks":8,"minecraft:stick":12,"minecraft:iron_ingot":4,"minecraft:iron_pickaxe":1,"minecraft:torch":8},"minecraft:killed":{"minecraft:spider":2,"alexscaves:vesper":1,"enemyexpansion:direwolf":1,"born_in_chaos_v1:maggot":2,"minecraft:skeleton":1,"earthmobsmod:bouldering_zombie":1,"minecraft:pig":1,"born_in_chaos_v1:diamond_termite":2,"undead_revamp2:the_moonflower":2,"minecraft:zombie":5,"iceandfire:ghost":6,"born_in_chaos_v1:corpse_fly":1,"enemyexpansion:huntsman":1,"undead_revamp2:theskeeper":1,"born_in_chaos_v1:door_knight":1,"minecraft:cow":1},"minecraft:picked_up":{"minecraft:cocoa_beans":6,"minecraft:crafting_table":5,"born_in_chaos_v1:diamond_termite_shard":2,"minecraft:brown_mushroom":4,"regions_unexplored:palm_shrub":3,"minecraft:string":5,"minecraft:red_candle":34,"minecraft:cobbled_deepslate":4,"regions_unexplored:kapok_sapling":2,"minecraft:beef":3,"minecraft:iron_nugget":25,"minecraft:melon_slice":39,"regions_unexplored:redwood_log":2,"minecraft:egg":1,"minecraft:stick":13,"minecraft:raw_iron":4,"regions_unexplored:day_lily":1,"regions_unexplored:elephant_ear":1,"minecraft:torch":17,"minecraft:porkchop":2,"tombstone:grave_dust":4,"minecraft:redstone":20,"regions_unexplored:kapok_log":8,"minecraft:arrow":4,"minecraft:rotten_flesh":13,"regions_unexplored:redstone_bulb":1,"biomesoplenty:mahogany_sapling":2,"tombstone:essence_of_undeath":1,"alexscaves:vesper_wing":3,"supplementaries:ash":6,"undead_revamp2:arapholia":1,"minecraft:cobblestone":52,"born_in_chaos_v1:corpse_maggot":3,"minecraft:clock":1,"minecraft:leather":2,"minecraft:oak_log":22,"mca:book_romance":1,"minecraft:dirt":2,"minecraft:blue_bed":1,"minecraft:bone":4,"minecraft:wheat_seeds":17,"alexscaves:guano":1,"alexscaves:porous_coprolith":3,"regions_unexplored:palm_sapling":1,"minecraft:sweet_berries":63,"iceandfire:ash":3,"minecraft:gravel":12,"minecraft:spruce_log":4,"regions_unexplored:palm_log":1,"minecraft:spider_eye":1,"minecraft:mossy_cobblestone":1,"biomesoplenty:mahogany_log":13,"minecraft:purple_bed":1,"minecraft:diamond":1,"waystones:waystone":1,"minecraft:bread":23,"evenmoreinstruments:guitar":1,"minecraft:coal":20}},"DataVersion":3465}