{"stats":{"minecraft:broken":{"minecraft:stone_axe":2},"minecraft:mined":{"minecraft:deepslate_redstone_ore":6,"iceandfire:graveyard_soil":1,"minecraft:mossy_cobblestone":1,"alexscaves:porous_coprolith":1,"minecraft:deepslate_diamond_ore":1,"minecraft:crafting_table":6,"born_in_chaos_v1:infected_deepslate_diamond_ore":1,"minecraft:torch":8,"minecraft:grass_block":1,"minecraft:melon":8,"alexscaves:peering_coprolith":2,"minecraft:cobblestone":5,"minecraft:wall_torch":5,"minecraft:blue_bed":1,"minecraft:large_fern":1,"minecraft:purple_bed":1,"minecraft:red_candle":12,"minecraft:sweet_berry_bush":26,"minecraft:fire":4,"minecraft:spruce_log":4,"biomesoplenty:hanging_cobweb":1,"minecraft:grass":11,"minecraft:coal_ore":20,"minecraft:deepslate_iron_ore":4,"minecraft:cocoa":1,"minecraft:vine":1,"minecraft:dirt":1,"regions_unexplored:medium_grass":5,"minecraft:stone":36,"regions_unexplored:redwood_log":2,"regions_unexplored:day_lily":1,"regions_unexplored:redstone_bulb":1,"minecraft:deepslate":8,"minecraft:fern":2},"minecraft:killed_by":{"minecraft:player":1,"undead_revamp2:the_moonflower":2,"enemyexpansion:direwolf":1,"iceandfire:ghost":1,"enemyexpansion:huntsman":1,"undead_revamp2:thebeartamer":1,"iceandfire:fire_dragon":3},"minecraft:used":{"minecraft:wooden_pickaxe":29,"simpletomb:grave_key":1,"minecraft:torch":17,"minecraft:crafting_table":7,"born_in_chaos_v1:corpse_maggot":1,"minecraft:iron_axe":31,"minecraft:bread":17,"minecraft:iron_pickaxe":94,"minecraft:melon_slice":10,"alexscaves:porous_coprolith":1,"minecraft:stone_axe":157,"minecraft:cobblestone":10,"minecraft:sweet_berries":5,"minecraft:furnace":2,"minecraft:cooked_porkchop":1,"minecraft:cooked_beef":2,"tombstone:gift":4,"minecraft:egg":1},"minecraft:custom":{"minecraft:interact_with_furnace":9,"minecraft:mob_kills":27,"minecraft:interact_with_crafting_table":11,"minecraft:time_since_death":2626,"minecraft:leave_game":1,"minecraft:sleep_in_bed":1,"minecraft:time_since_rest":2494,"minecraft:sprint_one_cm":202739,"minecraft:damage_taken":4452,"minecraft:walk_one_cm":120424,"minecraft:trigger_trapped_chest":6,"minecraft:drop":27,"minecraft:damage_dealt":6361,"minecraft:swim_one_cm":9184,"minecraft:fly_one_cm":239036,"minecraft:open_chest":6,"minecraft:crouch_one_cm":2974,"minecraft:play_time":56250,"tombstone:undead_killed":15,"minecraft:deaths":11,"minecraft:sneak_time":1000,"minecraft:walk_under_water_one_cm":7300,"minecraft:jump":1272,"minecraft:walk_on_water_one_cm":36254,"minecraft:total_world_time":56250,"minecraft:fall_one_cm":35820},"minecraft:dropped":{"minecraft:gravel":6,"minecraft:brown_mushroom":4,"minecraft:porkchop":1,"minecraft:wheat_seeds":1,"alexsmobs:animal_dictionary":1,"minecraft:cobbled_deepslate":4,"minecraft:cocoa_beans":6,"undead_revamp2:arapholia":1,"minecraft:cobblestone":5,"alexscaves:vesper_wing":3,"minecraft:dirt":2,"regions_unexplored:palm_shrub":1},"minecraft:crafted":{"minecraft:cooked_beef":2,"minecraft:cooked_porkchop":1,"minecraft:crafting_table":2,"minecraft:spruce_planks":16,"minecraft:wooden_pickaxe":1,"minecraft:furnace":2,"minecraft:stone_axe":2,"minecraft:air":0,"regions_unexplored:redwood_planks":8,"minecraft:iron_axe":1,"minecraft:stick":12,"minecraft:iron_ingot":4,"minecraft:iron_pickaxe":1,"minecraft:torch":8},"minecraft:killed":{"earthmobsmod:bouldering_zombie":1,"minecraft:pig":1,"born_in_chaos_v1:diamond_termite":2,"minecraft:spider":2,"alexscaves:vesper":1,"enemyexpansion:direwolf":1,"born_in_chaos_v1:maggot":2,"minecraft:skeleton":1,"minecraft:zombie":4,"iceandfire:ghost":6,"enemyexpansion:huntsman":1,"undead_revamp2:theskeeper":1,"born_in_chaos_v1:door_knight":1,"minecraft:cow":1},"minecraft:picked_up":{"minecraft:cocoa_beans":6,"born_in_chaos_v1:diamond_termite_shard":2,"born_in_chaos_v1:corpse_maggot":1,"minecraft:crafting_table":5,"minecraft:clock":1,"minecraft:leather":2,"minecraft:brown_mushroom":4,"regions_unexplored:palm_shrub":3,"minecraft:string":5,"mca:book_romance":1,"minecraft:blue_bed":1,"minecraft:dirt":2,"minecraft:red_candle":34,"minecraft:bone":4,"alexscaves:guano":1,"minecraft:wheat_seeds":7,"minecraft:cobbled_deepslate":4,"regions_unexplored:kapok_sapling":2,"minecraft:beef":3,"minecraft:iron_nugget":25,"alexscaves:porous_coprolith":3,"minecraft:melon_slice":39,"regions_unexplored:redwood_log":2,"minecraft:egg":1,"regions_unexplored:palm_sapling":1,"minecraft:raw_iron":4,"minecraft:stick":5,"regions_unexplored:day_lily":1,"minecraft:sweet_berries":63,"regions_unexplored:elephant_ear":1,"iceandfire:ash":3,"minecraft:torch":17,"minecraft:gravel":12,"minecraft:porkchop":2,"tombstone:grave_dust":4,"regions_unexplored:palm_log":1,"minecraft:spruce_log":4,"minecraft:redstone":20,"minecraft:spider_eye":1,"minecraft:mossy_cobblestone":1,"regions_unexplored:kapok_log":8,"minecraft:arrow":4,"minecraft:rotten_flesh":11,"minecraft:purple_bed":1,"regions_unexplored:redstone_bulb":1,"minecraft:diamond":1,"waystones:waystone":1,"minecraft:bread":20,"tombstone:essence_of_undeath":1,"alexscaves:vesper_wing":3,"supplementaries:ash":6,"undead_revamp2:arapholia":1,"minecraft:coal":20,"minecraft:cobblestone":41}},"DataVersion":3465}