{"stats":{"minecraft:crafted":{"paraglider:paraglider":1,"biomesoplenty:dead_planks":28,"sophisticatedbackpacks:backpack":1,"minecraft:cooked_chicken":2,"sophisticatedbackpacks:gold_backpack":1,"minecraft:copper_ingot":12,"minecraft:bread":116,"sophisticatedbackpacks:copper_backpack":1,"minecraft:stick":8,"minecraft:iron_ingot":4,"minecraft:gold_ingot":66,"minecraft:wheat":342,"sophisticatedbackpacks:iron_backpack":1},"minecraft:used":{"minecraft:stone_pickaxe":45,"minecraft:baked_potato":4,"minecraft:oak_planks":3,"minecraft:iron_sword":96,"minecraft:cooked_chicken":2,"simpletomb:grave_key":1,"minecraft:crafting_table":1,"minecraft:carrot":3,"tombstone:bag_of_seeds":2,"mowziesmobs:naga_fang_dagger":8,"minecraft:bread":6,"minecraft:iron_axe":35,"minecraft:iron_pickaxe":64,"minecraft:furnace":1,"minecraft:pumpkin_pie":2},"minecraft:killed":{"minecraft:husk":1,"undead_revamp2:the_moonflower":1,"minecraft:spider":2,"undead_revamp2:thesmoker":1,"enemyexpansion:direwolf":1,"minecraft:skeleton":2,"iceandfire:fire_dragon":1,"minecraft:zombie":1,"born_in_chaos_v1:dread_hound":1,"luminousworld:dark_oak_skeleton":1,"minecraft:chicken":2,"born_in_chaos_v1:corpse_fly":1,"undead_revamp2:thepregnant":1},"minecraft:custom":{"minecraft:interact_with_furnace":12,"minecraft:mob_kills":20,"minecraft:interact_with_crafting_table":26,"minecraft:open_barrel":6,"minecraft:time_since_death":8017,"minecraft:climb_one_cm":1149,"minecraft:waystone_activated":1,"minecraft:time_since_rest":7919,"minecraft:sprint_one_cm":120415,"minecraft:damage_taken":2385,"minecraft:walk_one_cm":157156,"minecraft:drop":10,"minecraft:damage_dealt":5019,"minecraft:swim_one_cm":11719,"minecraft:fly_one_cm":147161,"minecraft:open_chest":38,"minecraft:crouch_one_cm":434,"minecraft:play_time":60801,"tombstone:undead_killed":8,"minecraft:deaths":7,"minecraft:sneak_time":473,"minecraft:walk_under_water_one_cm":1270,"minecraft:jump":863,"minecraft:interact_with_blast_furnace":3,"minecraft:walk_on_water_one_cm":4003,"minecraft:total_world_time":60801,"minecraft:fall_one_cm":17161},"minecraft:dropped":{"minecraft:feather":2,"minecraft:oak_planks":3,"supplementaries:ash":4,"aether:iron_gloves":1,"minecraft:spider_eye":1,"minecraft:arrow":4,"minecraft:bow":1},"minecraft:picked_up":{"minecraft:crafting_table":2,"minecraft:wheat":7,"minecraft:feather":3,"minecraft:chicken":2,"minecraft:clay_ball":4,"biomesoplenty:dried_salt":1,"aether:iron_gloves":1,"biomesoplenty:dead_log":7,"minecraft:smooth_sandstone_stairs":1,"minecraft:shield":1,"minecraft:stripped_mangrove_log":1,"minecraft:dirt":1,"minecraft:string":4,"minecraft:blue_bed":1,"minecraft:raw_copper":40,"minecraft:bone":5,"minecraft:gray_carpet":1,"iceandfire:bestiary":1,"minecraft:bow":1,"minecraft:wheat_seeds":10,"minecraft:red_sand":2,"minecraft:gold_nugget":654,"tombstone:bag_of_seeds":1,"minecraft:chest":1,"minecraft:oak_planks":3,"minecraft:furnace":3,"minecraft:egg":1,"minecraft:stick":2,"minecraft:dark_oak_slab":1,"minecraft:raw_iron":4,"iceandfire:dragonbone":34,"iceandfire:dragonscales_green":5,"iceandfire:podium_birch":1,"minecraft:copper_ingot":2,"minecraft:sandstone_wall":1,"iceandfire:dragon_skull_fire":1,"tombstone:grave_dust":2,"minecraft:mangrove_sign":4,"minecraft:spider_eye":1,"minecraft:mossy_cobblestone":2,"minecraft:arrow":1,"minecraft:rotten_flesh":10,"minecraft:slime_ball":4,"biomesoplenty:orange_sandstone":6,"minecraft:hay_block":38,"minecraft:crossbow":2,"minecraft:bread":1,"minecraft:terracotta":1,"supplementaries:ash":3,"biomesoplenty:orange_sand":1,"iceandfire:silver_nugget":56,"undead_revamp2:arapholia":1,"minecraft:coal":21,"minecraft:cobblestone":14},"minecraft:mined":{"minecraft:mossy_cobblestone":3,"minecraft:stripped_mangrove_log":2,"biomesoplenty:desert_grass":4,"minecraft:stone_brick_slab":1,"minecraft:crafting_table":2,"minecraft:red_sand":2,"minecraft:chest":1,"minecraft:dead_bush":1,"minecraft:tall_grass":1,"biomesoplenty:dried_salt":1,"minecraft:copper_ore":10,"biomesoplenty:sprout":5,"minecraft:oak_planks":3,"biomesoplenty:dune_grass":1,"minecraft:hay_block":38,"minecraft:dark_oak_slab":1,"minecraft:furnace":2,"minecraft:iron_ore":4,"minecraft:fire":14,"iceandfire:podium_birch":1,"minecraft:grass":1,"biomesoplenty:dead_log":7,"iceandfire:silver_pile":10,"iceandfire:gold_pile":66,"minecraft:dirt":4,"minecraft:gray_carpet":1,"minecraft:smooth_sandstone_stairs":1,"minecraft:terracotta":1,"minecraft:stone":14,"minecraft:oak_leaves":1,"minecraft:cake":1,"minecraft:fern":1},"minecraft:killed_by":{"born_in_chaos_v1:nightmare_stalker":1,"iceandfire:fire_dragon":5}},"DataVersion":3465}