{"stats":{"minecraft:broken":{"born_in_chaos_v1:spiny_shell_armor_chestplate":1,"minecraft:chainmail_leggings":1,"born_in_chaos_v1:spiny_shell_armor_helmet":1,"minecraft:iron_axe":1,"minecraft:iron_sword":1},"minecraft:mined":{"minecraft:dark_oak_planks":1,"alexscaves:guanostone":1,"minecraft:red_carpet":1,"minecraft:spruce_planks":1,"minecraft:mossy_cobblestone":3,"minecraft:stripped_mangrove_log":2,"minecraft:candle":1,"biomesoplenty:desert_grass":5,"minecraft:dark_oak_log":35,"minecraft:red_sand":2,"minecraft:grass_block":2,"biomesoplenty:dried_salt":1,"regions_unexplored:elephant_ear":2,"alexscaves:thornwood_branch":1,"biomesoplenty:dune_grass":1,"minecraft:spawner":6,"minecraft:hay_block":38,"minecraft:furnace":3,"minecraft:packed_mud":10,"minecraft:iron_ore":33,"minecraft:fire":21,"minecraft:gold_block":2,"iceandfire:gold_pile":66,"minecraft:smooth_sandstone_stairs":1,"regions_unexplored:medium_grass":2,"minecraft:stone":20,"minecraft:cake":1,"minecraft:spruce_slab":2,"alexscaves:porous_coprolith":1,"minecraft:stone_brick_slab":1,"minecraft:crafting_table":5,"minecraft:emerald_ore":2,"alexscaves:peering_coprolith":2,"minecraft:chest":1,"minecraft:dead_bush":1,"minecraft:stone_slab":1,"minecraft:copper_ore":10,"minecraft:tall_grass":4,"biomesoplenty:sprout":5,"minecraft:oak_planks":3,"minecraft:wall_torch":5,"minecraft:spruce_stairs":1,"minecraft:coarse_dirt":1,"minecraft:dark_oak_slab":1,"iceandfire:podium_birch":1,"minecraft:grass":6,"biomesoplenty:dead_log":7,"iceandfire:silver_pile":10,"minecraft:dirt":5,"minecraft:gray_carpet":1,"minecraft:terracotta":1,"minecraft:oak_leaves":5,"minecraft:fern":1},"minecraft:killed_by":{"minecraft:husk":1,"undead_revamp2:sucker":1,"minecraft:player":1,"undead_revamp2:the_moonflower":2,"minecraft:wither_skeleton":1,"born_in_chaos_v1:nightmare_stalker":2,"alexscaves:vesper":3,"minecraft:hoglin":1,"creeperoverhaul:jungle_creeper":1,"iceandfire:fire_dragon":19},"minecraft:used":{"minecraft:iron_sword":259,"minecraft:cooked_chicken":2,"simpletomb:grave_key":4,"minecraft:torch":9,"minecraft:carrot":3,"minecraft:dark_oak_planks":115,"mowziesmobs:naga_fang_dagger":8,"minecraft:iron_axe":198,"minecraft:packed_mud":7,"minecraft:furnace":2,"minecraft:stone_pickaxe":45,"minecraft:baked_potato":4,"minecraft:oak_planks":3,"minecraft:crafting_table":4,"tombstone:bag_of_seeds":2,"minecraft:bread":26,"minecraft:iron_pickaxe":129,"minecraft:pumpkin_pie":2},"minecraft:custom":{"minecraft:mob_kills":64,"minecraft:interact_with_crafting_table":32,"minecraft:open_barrel":10,"minecraft:damage_dealt_resisted":108,"minecraft:leave_game":1,"minecraft:time_since_death":1676,"minecraft:climb_one_cm":4501,"minecraft:sprint_one_cm":234396,"minecraft:walk_one_cm":321796,"minecraft:drop":38,"minecraft:play_time":128447,"minecraft:deaths":34,"minecraft:sneak_time":1929,"minecraft:walk_under_water_one_cm":18351,"minecraft:jump":2120,"minecraft:interact_with_blast_furnace":3,"minecraft:walk_on_water_one_cm":58057,"minecraft:total_world_time":128447,"minecraft:interact_with_furnace":20,"tombstone:raider_killed":1,"minecraft:time_since_rest":1509,"minecraft:waystone_activated":1,"minecraft:damage_taken":10742,"minecraft:damage_dealt":16162,"minecraft:swim_one_cm":49919,"minecraft:fly_one_cm":356796,"minecraft:player_kills":2,"minecraft:open_chest":42,"minecraft:crouch_one_cm":6397,"tombstone:undead_killed":29,"minecraft:fall_one_cm":46387},"minecraft:dropped":{"minecraft:bread":21,"minecraft:feather":2,"undead_revamp2:arapholia":1,"minecraft:oak_planks":3,"regions_unexplored:palm_shrub":2,"supplementaries:ash":7,"aether:iron_gloves":1,"minecraft:spider_eye":1,"minecraft:arrow":6,"minecraft:bow":1,"regions_unexplored:kapok_log":4},"minecraft:crafted":{"minecraft:cooked_chicken":2,"minecraft:iron_boots":1,"sophisticatedbackpacks:copper_backpack":1,"minecraft:iron_axe":1,"minecraft:dark_oak_planks":136,"minecraft:wheat":342,"sophisticatedbackpacks:iron_backpack":1,"paraglider:paraglider":1,"biomesoplenty:dead_planks":28,"sophisticatedbackpacks:backpack":1,"minecraft:crafting_table":1,"minecraft:copper_ingot":12,"sophisticatedbackpacks:gold_backpack":1,"minecraft:bread":116,"minecraft:iron_chestplate":1,"minecraft:stick":8,"minecraft:iron_ingot":14,"minecraft:iron_leggings":1,"minecraft:gold_ingot":66,"minecraft:torch":8},"minecraft:picked_up":{"undead_revamp2:bostroxingot":3,"minecraft:crafting_table":6,"minecraft:coarse_dirt":1,"minecraft:wheat":7,"iceandfire:witherbone":2,"minecraft:chicken":2,"minecraft:clay_ball":4,"minecraft:brown_mushroom":3,"minecraft:stone_slab":1,"aether:iron_gloves":1,"minecraft:gold_block":2,"alexscaves:thornwood_branch":1,"regions_unexplored:palm_shrub":2,"minecraft:shield":1,"minecraft:stripped_mangrove_log":1,"minecraft:string":9,"minecraft:raw_copper":40,"iceandfire:bestiary":1,"minecraft:candle":2,"minecraft:red_sand":2,"minecraft:gold_nugget":654,"minecraft:spruce_planks":1,"minecraft:spruce_slab":2,"minecraft:chest":1,"minecraft:diamond_hoe":1,"minecraft:furnace":4,"minecraft:egg":1,"minecraft:dark_oak_sapling":3,"minecraft:stick":9,"minecraft:raw_iron":50,"iceandfire:dragonbone":34,"iceandfire:dragonscales_green":5,"alexscaves:guanostone":1,"regions_unexplored:elephant_ear":4,"minecraft:copper_ingot":2,"minecraft:torch":5,"minecraft:sandstone_wall":1,"tombstone:grave_dust":2,"minecraft:mangrove_sign":4,"minecraft:dark_oak_planks":1,"regions_unexplored:kapok_log":3,"minecraft:arrow":1,"minecraft:rotten_flesh":21,"alexscaves:dark_tatters":4,"biomesoplenty:orange_sandstone":6,"minecraft:hay_block":38,"minecraft:gold_ingot":4,"alexscaves:vesper_wing":4,"supplementaries:ash":3,"undead_revamp2:arapholia":2,"biomesoplenty:orange_sand":1,"minecraft:cobblestone":19,"minecraft:feather":3,"biomesoplenty:dried_salt":1,"minecraft:jungle_log":5,"biomesoplenty:dead_log":7,"paraglider:spirit_orb":12,"minecraft:packed_mud":10,"minecraft:smooth_sandstone_stairs":1,"minecraft:chainmail_chestplate":1,"minecraft:blue_bed":1,"minecraft:dirt":4,"minecraft:red_carpet":1,"minecraft:bone":8,"minecraft:gray_carpet":1,"minecraft:bow":1,"minecraft:wheat_seeds":21,"alexscaves:guano":2,"minecraft:iron_ingot":5,"tombstone:bag_of_seeds":1,"alexscaves:porous_coprolith":3,"minecraft:oak_planks":3,"regions_unexplored:palm_sapling":1,"enemyexpansion:phantom_eye":1,"minecraft:dark_oak_slab":1,"iceandfire:podium_birch":1,"iceandfire:ash":6,"iceandfire:dragon_skull_fire":1,"minecraft:dark_oak_log":34,"minecraft:spider_eye":2,"minecraft:mossy_cobblestone":2,"iceandfire:dragonegg_red":1,"minecraft:bundle":1,"minecraft:iron_hoe":1,"minecraft:slime_ball":4,"minecraft:diamond":2,"minecraft:crossbow":2,"minecraft:bread":1,"minecraft:emerald":2,"minecraft:terracotta":1,"minecraft:oak_sapling":1,"iceandfire:silver_nugget":56,"minecraft:coal":39},"minecraft:killed":{"alexscaves:corrodent":1,"undead_revamp2:thehunter":2,"minecraft:spider":3,"alexscaves:vesper":6,"undead_revamp2:thesmoker":1,"enemyexpansion:direwolf":1,"minecraft:phantom":1,"undead_revamp2:theswarmer":1,"minecraft:skeleton":2,"alexscaves:underzealot":3,"iceandfire:fire_dragon":1,"luminousworld:dark_oak_skeleton":1,"minecraft:chicken":2,"undead_revamp2:thepregnant":1,"undead_revamp2:thespitter":1,"minecraft:husk":4,"undead_revamp2:the_moonflower":4,"undead_revamp2:thebeartamer":1,"minecraft:hoglin":2,"undead_revamp2:slaveman":1,"undead_revamp2:thesomnolence":4,"minecraft:zombie":4,"iceandfire:ghost":2,"born_in_chaos_v1:dread_hound":1,"born_in_chaos_v1:corpse_fly":1,"minecraft:wither_skeleton":3,"enemyexpansion:wasp":1}},"DataVersion":3465}