{"stats":{"minecraft:crafted":{"minecraft:cooked_chicken":2},"minecraft:used":{"minecraft:furnace":1,"minecraft:iron_axe":1,"minecraft:stone_pickaxe":3,"minecraft:iron_sword":4,"minecraft:cooked_chicken":2},"minecraft:killed":{"luminousworld:dark_oak_skeleton":1,"minecraft:chicken":2},"minecraft:custom":{"minecraft:time_since_rest":12801,"minecraft:open_chest":1,"minecraft:interact_with_furnace":4,"minecraft:crouch_one_cm":129,"minecraft:damage_taken":154,"minecraft:play_time":12801,"minecraft:sprint_one_cm":21506,"tombstone:undead_killed":1,"minecraft:walk_one_cm":17833,"minecraft:sneak_time":14,"minecraft:walk_under_water_one_cm":106,"minecraft:mob_kills":3,"minecraft:drop":1,"minecraft:jump":121,"minecraft:damage_dealt":250,"minecraft:walk_on_water_one_cm":186,"minecraft:time_since_death":12801,"minecraft:total_world_time":12801,"minecraft:climb_one_cm":360,"minecraft:open_barrel":1,"minecraft:swim_one_cm":1917,"minecraft:fall_one_cm":2907,"minecraft:fly_one_cm":21072},"minecraft:picked_up":{"minecraft:feather":3,"minecraft:chicken":2,"minecraft:furnace":1,"minecraft:coal":21,"minecraft:egg":1},"minecraft:dropped":{"minecraft:feather":2},"minecraft:mined":{"minecraft:grass":1,"minecraft:furnace":1,"minecraft:tall_grass":1,"minecraft:stone_brick_slab":1}},"DataVersion":3465}