{"stats":{"minecraft:crafted":{"sophisticatedbackpacks:backpack":1,"minecraft:cooked_chicken":2,"minecraft:gold_ingot":7},"minecraft:used":{"minecraft:stone_pickaxe":45,"minecraft:baked_potato":3,"minecraft:oak_planks":3,"minecraft:iron_sword":26,"minecraft:cooked_chicken":2,"simpletomb:grave_key":1,"minecraft:carrot":3,"mowziesmobs:naga_fang_dagger":6,"minecraft:iron_axe":12,"minecraft:furnace":1,"minecraft:pumpkin_pie":2},"minecraft:killed":{"minecraft:spider":2,"enemyexpansion:direwolf":1,"minecraft:skeleton":2,"minecraft:zombie":1,"luminousworld:dark_oak_skeleton":1,"minecraft:chicken":2},"minecraft:custom":{"minecraft:interact_with_furnace":4,"minecraft:mob_kills":10,"minecraft:interact_with_crafting_table":5,"minecraft:open_barrel":6,"minecraft:time_since_death":16095,"minecraft:climb_one_cm":915,"minecraft:time_since_rest":16003,"minecraft:sprint_one_cm":75314,"minecraft:damage_taken":785,"minecraft:walk_one_cm":86746,"minecraft:drop":7,"minecraft:damage_dealt":1497,"minecraft:swim_one_cm":2186,"minecraft:fly_one_cm":67799,"minecraft:open_chest":23,"minecraft:crouch_one_cm":346,"minecraft:play_time":36801,"tombstone:undead_killed":4,"minecraft:deaths":2,"minecraft:sneak_time":269,"minecraft:walk_under_water_one_cm":479,"minecraft:jump":507,"minecraft:interact_with_blast_furnace":3,"minecraft:walk_on_water_one_cm":1181,"minecraft:total_world_time":36801,"minecraft:fall_one_cm":10524},"minecraft:dropped":{"minecraft:feather":2,"minecraft:oak_planks":3,"supplementaries:ash":2,"aether:iron_gloves":1,"minecraft:spider_eye":1,"minecraft:arrow":3},"minecraft:picked_up":{"minecraft:feather":3,"minecraft:chicken":2,"biomesoplenty:dried_salt":1,"aether:iron_gloves":1,"minecraft:smooth_sandstone_stairs":1,"minecraft:stripped_mangrove_log":1,"minecraft:dirt":1,"minecraft:string":2,"minecraft:blue_bed":1,"minecraft:raw_copper":40,"minecraft:bone":5,"minecraft:gray_carpet":1,"minecraft:bow":1,"minecraft:red_sand":2,"minecraft:gold_nugget":92,"minecraft:chest":1,"minecraft:oak_planks":3,"minecraft:furnace":2,"minecraft:egg":1,"minecraft:dark_oak_slab":1,"minecraft:raw_iron":4,"iceandfire:dragonbone":34,"iceandfire:dragonscales_green":5,"minecraft:copper_ingot":2,"iceandfire:dragon_skull_fire":1,"tombstone:grave_dust":2,"minecraft:mangrove_sign":4,"minecraft:spider_eye":1,"minecraft:mossy_cobblestone":2,"minecraft:arrow":1,"minecraft:terracotta":1,"supplementaries:ash":1,"minecraft:coal":21,"minecraft:cobblestone":14},"minecraft:mined":{"minecraft:mossy_cobblestone":3,"minecraft:stripped_mangrove_log":2,"minecraft:stone_brick_slab":1,"minecraft:red_sand":2,"minecraft:chest":1,"minecraft:tall_grass":1,"biomesoplenty:dried_salt":1,"minecraft:copper_ore":10,"minecraft:oak_planks":3,"minecraft:dark_oak_slab":1,"minecraft:furnace":1,"minecraft:iron_ore":4,"minecraft:fire":1,"minecraft:grass":1,"iceandfire:gold_pile":4,"minecraft:dirt":4,"minecraft:gray_carpet":1,"minecraft:smooth_sandstone_stairs":1,"minecraft:terracotta":1,"minecraft:stone":14,"minecraft:cake":1,"minecraft:fern":1},"minecraft:killed_by":{"iceandfire:fire_dragon":1}},"DataVersion":3465}