{"stats":{"minecraft:crafted":{"minecraft:cooked_chicken":2,"sophisticatedbackpacks:copper_backpack":1,"minecraft:wheat":342,"sophisticatedbackpacks:iron_backpack":1,"paraglider:paraglider":1,"biomesoplenty:dead_planks":28,"sophisticatedbackpacks:backpack":1,"minecraft:copper_ingot":12,"sophisticatedbackpacks:gold_backpack":1,"minecraft:bread":116,"minecraft:stick":8,"minecraft:iron_ingot":4,"minecraft:gold_ingot":66,"minecraft:torch":8},"minecraft:used":{"minecraft:iron_sword":259,"minecraft:cooked_chicken":2,"simpletomb:grave_key":4,"minecraft:torch":9,"minecraft:carrot":3,"mowziesmobs:naga_fang_dagger":8,"minecraft:iron_axe":75,"minecraft:packed_mud":7,"minecraft:furnace":1,"minecraft:stone_pickaxe":45,"minecraft:baked_potato":4,"minecraft:oak_planks":3,"minecraft:crafting_table":2,"tombstone:bag_of_seeds":2,"minecraft:bread":22,"minecraft:iron_pickaxe":95,"minecraft:pumpkin_pie":2},"minecraft:killed":{"alexscaves:corrodent":1,"undead_revamp2:thehunter":2,"minecraft:spider":3,"alexscaves:vesper":6,"undead_revamp2:thesmoker":1,"enemyexpansion:direwolf":1,"undead_revamp2:theswarmer":1,"minecraft:skeleton":2,"alexscaves:underzealot":3,"iceandfire:fire_dragon":1,"luminousworld:dark_oak_skeleton":1,"minecraft:chicken":2,"undead_revamp2:thepregnant":1,"undead_revamp2:thespitter":1,"minecraft:husk":1,"undead_revamp2:the_moonflower":4,"undead_revamp2:thebeartamer":1,"undead_revamp2:slaveman":1,"undead_revamp2:thesomnolence":4,"minecraft:zombie":4,"iceandfire:ghost":2,"born_in_chaos_v1:dread_hound":1,"born_in_chaos_v1:corpse_fly":1},"minecraft:custom":{"minecraft:mob_kills":54,"minecraft:interact_with_crafting_table":27,"minecraft:open_barrel":6,"minecraft:damage_dealt_resisted":108,"minecraft:leave_game":1,"minecraft:time_since_death":5738,"minecraft:climb_one_cm":1289,"minecraft:sprint_one_cm":219980,"minecraft:walk_one_cm":291174,"minecraft:drop":38,"minecraft:play_time":108371,"minecraft:deaths":31,"minecraft:sneak_time":790,"minecraft:walk_under_water_one_cm":18351,"minecraft:jump":1750,"minecraft:interact_with_blast_furnace":3,"minecraft:walk_on_water_one_cm":58057,"minecraft:total_world_time":108371,"minecraft:interact_with_furnace":12,"minecraft:time_since_rest":5546,"minecraft:waystone_activated":1,"minecraft:damage_taken":9873,"minecraft:damage_dealt":12593,"minecraft:swim_one_cm":49919,"minecraft:fly_one_cm":337137,"minecraft:player_kills":1,"minecraft:open_chest":38,"minecraft:crouch_one_cm":660,"tombstone:undead_killed":22,"minecraft:fall_one_cm":38426},"minecraft:dropped":{"minecraft:bread":21,"minecraft:feather":2,"undead_revamp2:arapholia":1,"minecraft:oak_planks":3,"regions_unexplored:palm_shrub":2,"supplementaries:ash":7,"aether:iron_gloves":1,"minecraft:spider_eye":1,"minecraft:arrow":6,"minecraft:bow":1,"regions_unexplored:kapok_log":4},"minecraft:picked_up":{"undead_revamp2:bostroxingot":3,"minecraft:crafting_table":4,"minecraft:coarse_dirt":1,"minecraft:wheat":7,"minecraft:chicken":2,"minecraft:clay_ball":4,"minecraft:brown_mushroom":3,"aether:iron_gloves":1,"alexscaves:thornwood_branch":1,"regions_unexplored:palm_shrub":2,"minecraft:shield":1,"minecraft:stripped_mangrove_log":1,"minecraft:string":9,"minecraft:raw_copper":40,"iceandfire:bestiary":1,"minecraft:candle":2,"minecraft:red_sand":2,"minecraft:gold_nugget":654,"minecraft:chest":1,"minecraft:diamond_hoe":1,"minecraft:furnace":3,"minecraft:egg":1,"minecraft:stick":8,"minecraft:raw_iron":15,"iceandfire:dragonbone":34,"iceandfire:dragonscales_green":5,"alexscaves:guanostone":1,"regions_unexplored:elephant_ear":4,"minecraft:copper_ingot":2,"minecraft:torch":5,"minecraft:sandstone_wall":1,"tombstone:grave_dust":2,"minecraft:mangrove_sign":4,"regions_unexplored:kapok_log":3,"minecraft:arrow":1,"minecraft:rotten_flesh":21,"alexscaves:dark_tatters":4,"biomesoplenty:orange_sandstone":6,"minecraft:hay_block":38,"minecraft:gold_ingot":4,"alexscaves:vesper_wing":4,"supplementaries:ash":3,"undead_revamp2:arapholia":2,"biomesoplenty:orange_sand":1,"minecraft:cobblestone":14,"minecraft:feather":3,"biomesoplenty:dried_salt":1,"minecraft:jungle_log":5,"biomesoplenty:dead_log":7,"minecraft:packed_mud":10,"minecraft:smooth_sandstone_stairs":1,"minecraft:chainmail_chestplate":1,"minecraft:blue_bed":1,"minecraft:dirt":3,"minecraft:red_carpet":1,"minecraft:bone":5,"minecraft:gray_carpet":1,"minecraft:bow":1,"alexscaves:guano":2,"minecraft:wheat_seeds":21,"minecraft:iron_ingot":3,"tombstone:bag_of_seeds":1,"alexscaves:porous_coprolith":3,"minecraft:oak_planks":3,"regions_unexplored:palm_sapling":1,"minecraft:dark_oak_slab":1,"iceandfire:podium_birch":1,"iceandfire:ash":6,"iceandfire:dragon_skull_fire":1,"minecraft:spider_eye":2,"minecraft:mossy_cobblestone":2,"iceandfire:dragonegg_red":1,"minecraft:iron_hoe":1,"minecraft:slime_ball":4,"minecraft:diamond":2,"minecraft:crossbow":2,"minecraft:emerald":2,"minecraft:bread":1,"minecraft:terracotta":1,"minecraft:oak_sapling":1,"iceandfire:silver_nugget":56,"minecraft:coal":21},"minecraft:broken":{"born_in_chaos_v1:spiny_shell_armor_chestplate":1,"minecraft:chainmail_leggings":1,"born_in_chaos_v1:spiny_shell_armor_helmet":1,"minecraft:iron_sword":1},"minecraft:mined":{"alexscaves:guanostone":1,"minecraft:red_carpet":1,"minecraft:mossy_cobblestone":3,"minecraft:stripped_mangrove_log":2,"minecraft:candle":1,"biomesoplenty:desert_grass":5,"minecraft:red_sand":2,"minecraft:grass_block":1,"biomesoplenty:dried_salt":1,"regions_unexplored:elephant_ear":2,"alexscaves:thornwood_branch":1,"biomesoplenty:dune_grass":1,"minecraft:hay_block":38,"minecraft:furnace":2,"minecraft:packed_mud":10,"minecraft:iron_ore":15,"minecraft:fire":21,"iceandfire:gold_pile":66,"minecraft:smooth_sandstone_stairs":1,"regions_unexplored:medium_grass":2,"minecraft:stone":15,"minecraft:cake":1,"alexscaves:porous_coprolith":1,"minecraft:stone_brick_slab":1,"minecraft:crafting_table":3,"minecraft:emerald_ore":2,"alexscaves:peering_coprolith":2,"minecraft:chest":1,"minecraft:dead_bush":1,"minecraft:tall_grass":4,"minecraft:copper_ore":10,"biomesoplenty:sprout":5,"minecraft:oak_planks":3,"minecraft:wall_torch":5,"minecraft:coarse_dirt":1,"minecraft:dark_oak_slab":1,"iceandfire:podium_birch":1,"minecraft:grass":6,"biomesoplenty:dead_log":7,"iceandfire:silver_pile":10,"minecraft:dirt":5,"minecraft:gray_carpet":1,"minecraft:terracotta":1,"minecraft:oak_leaves":5,"minecraft:fern":1},"minecraft:killed_by":{"minecraft:player":1,"undead_revamp2:sucker":1,"undead_revamp2:the_moonflower":2,"born_in_chaos_v1:nightmare_stalker":2,"alexscaves:vesper":3,"creeperoverhaul:jungle_creeper":1,"iceandfire:fire_dragon":19}},"DataVersion":3465}