{"stats":{"minecraft:crafted":{"sophisticatedbackpacks:backpack":1,"minecraft:cooked_chicken":2,"minecraft:gold_ingot":7},"minecraft:used":{"mowziesmobs:naga_fang_dagger":2,"minecraft:iron_axe":12,"minecraft:stone_pickaxe":6,"minecraft:oak_planks":3,"minecraft:iron_sword":20,"minecraft:cooked_chicken":2,"simpletomb:grave_key":1,"minecraft:furnace":1,"minecraft:carrot":3,"minecraft:pumpkin_pie":2},"minecraft:killed":{"luminousworld:dark_oak_skeleton":1,"minecraft:chicken":2,"minecraft:spider":2},"minecraft:custom":{"minecraft:time_since_rest":4003,"minecraft:sprint_one_cm":45731,"minecraft:interact_with_furnace":4,"minecraft:damage_taken":660,"minecraft:walk_one_cm":64393,"minecraft:mob_kills":6,"minecraft:drop":7,"minecraft:damage_dealt":1072,"minecraft:interact_with_crafting_table":4,"minecraft:swim_one_cm":1917,"minecraft:fly_one_cm":28578,"minecraft:open_barrel":6,"minecraft:open_chest":13,"minecraft:crouch_one_cm":129,"minecraft:play_time":24801,"tombstone:undead_killed":1,"minecraft:deaths":2,"minecraft:sneak_time":14,"minecraft:walk_under_water_one_cm":106,"minecraft:jump":249,"minecraft:interact_with_blast_furnace":3,"minecraft:time_since_death":4095,"minecraft:walk_on_water_one_cm":376,"minecraft:climb_one_cm":915,"minecraft:total_world_time":24801,"minecraft:fall_one_cm":4972},"minecraft:picked_up":{"iceandfire:dragonscales_green":5,"minecraft:dark_oak_slab":1,"minecraft:feather":3,"minecraft:chicken":2,"aether:iron_gloves":1,"minecraft:mangrove_sign":4,"minecraft:stripped_mangrove_log":1,"minecraft:blue_bed":1,"minecraft:string":2,"minecraft:spider_eye":1,"minecraft:mossy_cobblestone":2,"minecraft:bone":1,"minecraft:gray_carpet":1,"minecraft:gold_nugget":76,"supplementaries:ash":1,"minecraft:chest":1,"minecraft:oak_planks":3,"minecraft:coal":21,"minecraft:egg":1,"minecraft:furnace":2},"minecraft:dropped":{"supplementaries:ash":2,"aether:iron_gloves":1,"minecraft:feather":2,"minecraft:spider_eye":1,"minecraft:oak_planks":3,"minecraft:arrow":3},"minecraft:mined":{"minecraft:dark_oak_slab":1,"minecraft:furnace":1,"minecraft:mossy_cobblestone":3,"minecraft:stripped_mangrove_log":2,"minecraft:fire":1,"minecraft:stone_brick_slab":1,"minecraft:grass":1,"minecraft:chest":1,"minecraft:gray_carpet":1,"minecraft:tall_grass":1,"minecraft:oak_planks":3,"minecraft:cake":1,"minecraft:fern":1},"minecraft:killed_by":{"iceandfire:fire_dragon":1}},"DataVersion":3465}