{"stats":{"minecraft:crafted":{"sophisticatedbackpacks:backpack":1,"minecraft:cooked_chicken":2,"minecraft:copper_ingot":12,"minecraft:bread":116,"sophisticatedbackpacks:copper_backpack":1,"minecraft:iron_ingot":4,"minecraft:gold_ingot":7,"minecraft:wheat":342,"sophisticatedbackpacks:iron_backpack":1},"minecraft:used":{"minecraft:stone_pickaxe":45,"minecraft:baked_potato":3,"minecraft:oak_planks":3,"minecraft:iron_sword":60,"minecraft:cooked_chicken":2,"simpletomb:grave_key":1,"minecraft:carrot":3,"tombstone:bag_of_seeds":2,"mowziesmobs:naga_fang_dagger":6,"minecraft:iron_axe":13,"minecraft:iron_pickaxe":11,"minecraft:furnace":1,"minecraft:pumpkin_pie":2},"minecraft:killed":{"minecraft:husk":1,"undead_revamp2:the_moonflower":1,"minecraft:spider":2,"undead_revamp2:thesmoker":1,"enemyexpansion:direwolf":1,"minecraft:skeleton":2,"minecraft:zombie":1,"born_in_chaos_v1:dread_hound":1,"luminousworld:dark_oak_skeleton":1,"minecraft:chicken":2,"born_in_chaos_v1:corpse_fly":1,"undead_revamp2:thepregnant":1},"minecraft:custom":{"minecraft:interact_with_furnace":12,"minecraft:mob_kills":19,"minecraft:interact_with_crafting_table":11,"minecraft:open_barrel":6,"minecraft:time_since_death":6014,"minecraft:climb_one_cm":1149,"minecraft:time_since_rest":5810,"minecraft:sprint_one_cm":90364,"minecraft:damage_taken":1157,"minecraft:walk_one_cm":124936,"minecraft:drop":9,"minecraft:damage_dealt":3193,"minecraft:swim_one_cm":2186,"minecraft:fly_one_cm":84230,"minecraft:open_chest":31,"minecraft:crouch_one_cm":346,"minecraft:play_time":48801,"tombstone:undead_killed":8,"minecraft:deaths":3,"minecraft:sneak_time":269,"minecraft:walk_under_water_one_cm":479,"minecraft:jump":632,"minecraft:interact_with_blast_furnace":3,"minecraft:walk_on_water_one_cm":1181,"minecraft:total_world_time":48801,"minecraft:fall_one_cm":12256},"minecraft:dropped":{"minecraft:feather":2,"minecraft:oak_planks":3,"supplementaries:ash":2,"aether:iron_gloves":1,"minecraft:spider_eye":1,"minecraft:arrow":4,"minecraft:bow":1},"minecraft:picked_up":{"minecraft:crafting_table":1,"minecraft:wheat":7,"minecraft:feather":3,"minecraft:chicken":2,"minecraft:clay_ball":4,"biomesoplenty:dried_salt":1,"aether:iron_gloves":1,"minecraft:smooth_sandstone_stairs":1,"minecraft:shield":1,"minecraft:stripped_mangrove_log":1,"minecraft:dirt":1,"minecraft:string":4,"minecraft:blue_bed":1,"minecraft:raw_copper":40,"minecraft:bone":5,"minecraft:gray_carpet":1,"iceandfire:bestiary":1,"minecraft:bow":1,"minecraft:wheat_seeds":10,"minecraft:red_sand":2,"minecraft:gold_nugget":92,"tombstone:bag_of_seeds":1,"minecraft:chest":1,"minecraft:oak_planks":3,"minecraft:furnace":3,"minecraft:egg":1,"minecraft:stick":2,"minecraft:dark_oak_slab":1,"minecraft:raw_iron":4,"iceandfire:dragonbone":34,"iceandfire:dragonscales_green":5,"iceandfire:podium_birch":1,"minecraft:copper_ingot":2,"iceandfire:dragon_skull_fire":1,"tombstone:grave_dust":2,"minecraft:mangrove_sign":4,"minecraft:spider_eye":1,"minecraft:mossy_cobblestone":2,"minecraft:arrow":1,"minecraft:rotten_flesh":10,"minecraft:slime_ball":4,"minecraft:hay_block":38,"minecraft:crossbow":2,"minecraft:bread":1,"minecraft:terracotta":1,"supplementaries:ash":1,"iceandfire:silver_nugget":56,"undead_revamp2:arapholia":1,"minecraft:coal":21,"minecraft:cobblestone":14},"minecraft:mined":{"minecraft:mossy_cobblestone":3,"minecraft:stripped_mangrove_log":2,"biomesoplenty:desert_grass":4,"minecraft:stone_brick_slab":1,"minecraft:crafting_table":1,"minecraft:red_sand":2,"minecraft:chest":1,"minecraft:dead_bush":1,"minecraft:tall_grass":1,"biomesoplenty:dried_salt":1,"minecraft:copper_ore":10,"biomesoplenty:sprout":4,"minecraft:oak_planks":3,"biomesoplenty:dune_grass":1,"minecraft:hay_block":38,"minecraft:dark_oak_slab":1,"minecraft:furnace":2,"minecraft:iron_ore":4,"minecraft:fire":1,"iceandfire:podium_birch":1,"minecraft:grass":1,"iceandfire:silver_pile":10,"iceandfire:gold_pile":4,"minecraft:dirt":4,"minecraft:gray_carpet":1,"minecraft:smooth_sandstone_stairs":1,"minecraft:terracotta":1,"minecraft:stone":14,"minecraft:cake":1,"minecraft:fern":1},"minecraft:killed_by":{"born_in_chaos_v1:nightmare_stalker":1,"iceandfire:fire_dragon":1}},"DataVersion":3465}