{"stats":{"minecraft:used":{"minecraft:bread":2,"minecraft:stone_axe":67},"minecraft:custom":{"minecraft:jump":49,"minecraft:time_since_rest":5114,"minecraft:sprint_one_cm":1264,"minecraft:leave_game":1,"minecraft:play_time":5114,"minecraft:damage_taken":99,"minecraft:time_since_death":5114,"minecraft:walk_one_cm":6364,"minecraft:total_world_time":5114,"minecraft:fall_one_cm":2094,"minecraft:fly_one_cm":2952},"minecraft:picked_up":{"minecraft:dark_oak_sapling":1,"minecraft:apple":1,"minecraft:dark_oak_log":64},"minecraft:mined":{"minecraft:tall_grass":1,"minecraft:dark_oak_log":65}},"DataVersion":3465}