{"stats":{"minecraft:crafted":{"minecraft:coal":45,"iceandfire:dragon_stick":1,"minecraft:leather":6,"minecraft:stone_pickaxe":1,"minecraft:dark_oak_planks":8,"minecraft:stone_hoe":1,"minecraft:wheat":468,"minecraft:emerald":9,"iceandfire:silver_ingot":1,"minecraft:crafting_table":1,"minecraft:bucket":1,"minecraft:bone":6,"minecraft:stone_axe":1,"minecraft:bread":156,"minecraft:air":0,"minecraft:shield":2,"minecraft:stick":12,"minecraft:iron_ingot":1,"minecraft:gold_ingot":82},"minecraft:used":{"regions_unexplored:pine_planks":14,"minecraft:shield":12,"minecraft:iron_sword":256,"minecraft:stone_hoe":42,"minecraft:torch":7,"minecraft:dirt":4,"iceandfire:pixie_dust":2,"tombstone:gift":5,"minecraft:water_bucket":27,"minecraft:stone_pickaxe":98,"minecraft:crafting_table":8,"minecraft:mushroom_stew":12,"tombstone:dust_of_vanishing":1,"minecraft:spider_eye":2,"minecraft:cake":7,"mowziesmobs:wrought_axe":54,"born_in_chaos_v1:monster_flesh":2,"minecraft:bread":10,"minecraft:melon_slice":2,"minecraft:iron_pickaxe":51,"tombstone:grave_key":1,"minecraft:stone_axe":175,"minecraft:cooked_porkchop":1,"minecraft:bucket":27,"minecraft:pumpkin_pie":4,"minecraft:cobweb":7},"minecraft:killed":{"minecraft:witch":1,"undead_revamp2:theimmortal":3,"enemyexpansion:equestrian":1,"minecraft:spider":2,"born_in_chaos_v1:zombie_bruiser":1,"born_in_chaos_v1:maggot":1,"minecraft:skeleton":6,"iceandfire:fire_dragon":1,"luminousworld:dark_oak_skeleton":2,"earthmobsmod:zombified_rabbit":1,"minecraft:silverfish":3,"minecraft:husk":2,"born_in_chaos_v1:baby_skeleton":1,"undead_revamp2:the_moonflower":2,"born_in_chaos_v1:decrepit_skeleton":1,"minecraft:zombie":1,"born_in_chaos_v1:dread_hound":7,"enemyexpansion:botfly":1,"iceandfire:pixie":1,"luminousworld:dark_oak_zombie":1,"minecraft:cow":2},"minecraft:custom":{"minecraft:mob_kills":42,"tombstone:use_vanishing":1,"minecraft:interact_with_crafting_table":18,"minecraft:open_barrel":16,"minecraft:damage_dealt_resisted":69,"minecraft:eat_cake_slice":2,"minecraft:leave_game":1,"minecraft:time_since_death":15980,"minecraft:climb_one_cm":3355,"minecraft:sprint_one_cm":125043,"minecraft:walk_one_cm":348250,"minecraft:damage_blocked_by_shield":515,"minecraft:drop":12,"minecraft:play_time":101114,"minecraft:deaths":10,"minecraft:sneak_time":678,"minecraft:walk_under_water_one_cm":26670,"minecraft:jump":1019,"minecraft:interact_with_blast_furnace":4,"minecraft:walk_on_water_one_cm":20387,"minecraft:total_world_time":101114,"minecraft:interact_with_furnace":3,"tombstone:raider_killed":1,"minecraft:sleep_in_bed":1,"minecraft:time_since_rest":15538,"minecraft:damage_taken":4927,"minecraft:damage_dealt":9848,"minecraft:swim_one_cm":18411,"minecraft:fly_one_cm":158961,"minecraft:player_kills":1,"minecraft:open_chest":35,"minecraft:crouch_one_cm":1210,"tombstone:undead_killed":22,"minecraft:fall_one_cm":26257},"minecraft:picked_up":{"minecraft:crafting_table":7,"minecraft:iron_chestplate":1,"minecraft:smithing_table":1,"aether:iron_gloves":1,"minecraft:stone_brick_stairs":2,"paraglider:goddess_statue":1,"minecraft:string":26,"minecraft:item_frame":3,"minecraft:iron_leggings":1,"minecraft:armor_stand":6,"minecraft:sea_pickle":22,"iceandfire:graveyard_soil":8,"minecraft:gold_nugget":474,"minecraft:cobbled_deepslate":9,"minecraft:beef":3,"born_in_chaos_v1:gnawed_bones":1,"minecraft:calcite":2,"minecraft:sugar_cane":24,"minecraft:melon_slice":15,"minecraft:coal_block":5,"minecraft:piston":1,"minecraft:furnace":4,"minecraft:golden_helmet":1,"minecraft:dark_oak_sapling":1,"iceandfire:pixie_dust":2,"minecraft:stick":1,"minecraft:raw_iron":2,"iceandfire:dragonbone":2,"iceandfire:ghost_chest":1,"minecraft:jukebox":1,"minecraft:torch":6,"paraglider:kakariko_goddess_statue":1,"regions_unexplored:saguaro_cactus":15,"minecraft:stone_button":1,"minecraft:cherry_log":2,"tombstone:grave_dust":4,"minecraft:carrot":43,"minecraft:stone_pressure_plate":5,"minecraft:yellow_banner":1,"minecraft:tnt":1,"minecraft:arrow":9,"minecraft:rotten_flesh":18,"iceandfire:chared_dirt":4,"minecraft:hay_block":52,"supplementaries:ash":7,"paraglider:horned_statue":1,"minecraft:iron_bars":2,"minecraft:cobblestone":28,"born_in_chaos_v1:corpse_maggot":1,"minecraft:leather_chestplate":3,"minecraft:feather":2,"born_in_chaos_v1:monster_flesh":14,"biomesoplenty:dried_salt":8,"minecraft:leather":2,"minecraft:golden_leggings":2,"minecraft:potato":42,"paraglider:spirit_orb":8,"minecraft:mushroom_stew":1,"minecraft:oak_log":2,"iceandfire:ectoplasm":5,"minecraft:golden_boots":1,"minecraft:gunpowder":2,"simpletomb:grave_key":1,"mowziesmobs:wrought_axe":2,"minecraft:dirt":69,"born_in_chaos_v1:monster_skin":4,"minecraft:leather_boots":1,"minecraft:bone":18,"minecraft:apple":1,"minecraft:gray_carpet":6,"minecraft:wheat_seeds":7,"minecraft:raw_gold":8,"minecraft:iron_ingot":3,"minecraft:cobweb":8,"minecraft:dark_oak_sign":11,"minecraft:bamboo":27,"iceandfire:fire_dragon_flesh":4,"minecraft:oak_planks":4,"minecraft:iron_sword":1,"minecraft:emerald_block":1,"minecraft:cooked_porkchop":1,"minecraft:poisonous_potato":1,"regions_unexplored:pine_planks":2,"mowziesmobs:wrought_helmet":1,"born_in_chaos_v1:fangofthe_hound_leader":3,"minecraft:blast_furnace":6,"minecraft:loom":1,"minecraft:nether_brick_slab":1,"minecraft:cyan_bed":1,"minecraft:dark_oak_log":127,"minecraft:spider_eye":4,"iceandfire:silver_sword":1,"waystones:waystone":2,"minecraft:chainmail_leggings":1,"minecraft:spruce_sign":1,"minecraft:emerald":4,"minecraft:chainmail_helmet":3,"iceandfire:silver_nugget":10,"minecraft:damaged_anvil":1,"minecraft:coal":23,"iceandfire:raw_silver":2},"minecraft:dropped":{"minecraft:golden_boots":1,"simpletomb:grave_key":1,"mowziesmobs:wrought_axe":1,"minecraft:melon_slice":13,"mowziesmobs:wrought_helmet":1,"minecraft:bucket":1,"minecraft:gray_carpet":6,"minecraft:stone_axe":1,"paraglider:goddess_statue":1,"minecraft:stone_pressure_plate":1,"minecraft:iron_bars":2},"minecraft:broken":{"minecraft:golden_helmet":1,"minecraft:shield":1,"minecraft:stone_axe":1},"minecraft:mined":{"minecraft:stone_pressure_plate":2,"minecraft:yellow_wall_banner":1,"iceandfire:silver_ore":3,"minecraft:dark_oak_log":149,"minecraft:grass_block":3,"minecraft:coal_block":5,"regions_unexplored:saguaro_cactus":15,"iceandfire:chared_dirt":3,"regions_unexplored:pine_planks":2,"minecraft:spawner":4,"minecraft:large_fern":2,"minecraft:hay_block":52,"minecraft:furnace":4,"minecraft:carrots":11,"minecraft:iron_ore":2,"minecraft:fire":26,"minecraft:potatoes":13,"iceandfire:gold_pile":38,"minecraft:iron_bars":1,"regions_unexplored:medium_grass":6,"minecraft:bamboo":2,"minecraft:stone":28,"regions_unexplored:windswept_grass":7,"minecraft:smithing_table":1,"minecraft:crafting_table":8,"minecraft:torch":1,"minecraft:blast_furnace":6,"minecraft:emerald_ore":4,"minecraft:calcite":2,"minecraft:melon":3,"iceandfire:ghost_chest":1,"minecraft:nether_brick_slab":1,"minecraft:tall_grass":2,"minecraft:cyan_bed":1,"minecraft:deepslate_gold_ore":8,"minecraft:oak_planks":1,"minecraft:sugar_cane":9,"minecraft:damaged_anvil":1,"minecraft:wall_torch":5,"supplementaries:urn":1,"minecraft:seagrass":1,"minecraft:cyan_wool":1,"minecraft:purple_bed":2,"minecraft:sea_pickle":10,"paraglider:horned_statue":1,"paraglider:kakariko_goddess_statue":1,"minecraft:jukebox":1,"minecraft:tnt":1,"minecraft:smooth_stone_slab":1,"minecraft:grass":13,"iceandfire:silver_pile":3,"minecraft:coal_ore":2,"minecraft:loom":1,"minecraft:dirt":7,"minecraft:gray_carpet":6,"minecraft:cobweb":22,"minecraft:piston":1,"paraglider:goddess_statue":1,"minecraft:infested_stone":1,"minecraft:emerald_block":1,"minecraft:deepslate":9,"minecraft:fern":8},"minecraft:killed_by":{"minecraft:husk":1,"born_in_chaos_v1:corpse_fly":1,"mowziesmobs:ferrous_wroughtnaut":1,"minecraft:skeleton":2,"born_in_chaos_v1:dread_hound":1,"iceandfire:fire_dragon":3}},"DataVersion":3465}