{"stats":{"minecraft:crafted":{"minecraft:coal":45,"minecraft:emerald":9,"minecraft:stone_axe":1,"minecraft:bread":156,"minecraft:stick":8,"minecraft:stone_pickaxe":1,"minecraft:dark_oak_planks":4,"minecraft:stone_hoe":1,"minecraft:wheat":468},"minecraft:used":{"regions_unexplored:pine_planks":14,"minecraft:water_bucket":8,"minecraft:stone_pickaxe":39,"minecraft:shield":12,"minecraft:iron_sword":110,"minecraft:stone_hoe":42,"minecraft:torch":5,"minecraft:crafting_table":3,"iceandfire:pixie_dust":2,"minecraft:mushroom_stew":4,"minecraft:spider_eye":2,"born_in_chaos_v1:monster_flesh":2,"minecraft:melon_slice":2,"minecraft:bread":4,"minecraft:iron_pickaxe":37,"tombstone:grave_key":1,"minecraft:stone_axe":175,"minecraft:cooked_porkchop":1,"minecraft:bucket":7,"minecraft:pumpkin_pie":4},"minecraft:killed":{"minecraft:husk":2,"minecraft:witch":1,"undead_revamp2:the_moonflower":1,"minecraft:spider":1,"minecraft:skeleton":3,"luminousworld:dark_oak_skeleton":2,"born_in_chaos_v1:dread_hound":2,"minecraft:silverfish":3,"iceandfire:pixie":1,"luminousworld:dark_oak_zombie":1},"minecraft:custom":{"minecraft:mob_kills":17,"tombstone:raider_killed":1,"minecraft:interact_with_crafting_table":7,"minecraft:open_barrel":16,"minecraft:eat_cake_slice":2,"minecraft:leave_game":1,"minecraft:time_since_death":2104,"minecraft:sleep_in_bed":1,"minecraft:climb_one_cm":1173,"minecraft:time_since_rest":1911,"minecraft:sprint_one_cm":53171,"minecraft:damage_taken":2022,"minecraft:walk_one_cm":201765,"minecraft:damage_blocked_by_shield":515,"minecraft:drop":9,"minecraft:damage_dealt":4504,"minecraft:fly_one_cm":65003,"minecraft:open_chest":14,"minecraft:crouch_one_cm":394,"minecraft:play_time":53114,"tombstone:undead_killed":9,"minecraft:deaths":4,"minecraft:sneak_time":332,"minecraft:walk_under_water_one_cm":6289,"minecraft:jump":415,"minecraft:interact_with_blast_furnace":4,"minecraft:walk_on_water_one_cm":8489,"minecraft:total_world_time":53114,"minecraft:fall_one_cm":9839},"minecraft:picked_up":{"minecraft:iron_chestplate":1,"minecraft:crafting_table":3,"minecraft:leather_chestplate":3,"born_in_chaos_v1:monster_flesh":2,"minecraft:golden_leggings":1,"minecraft:smithing_table":1,"paraglider:spirit_orb":8,"minecraft:mushroom_stew":1,"iceandfire:ectoplasm":5,"minecraft:golden_boots":1,"mowziesmobs:wrought_axe":1,"minecraft:string":4,"minecraft:dirt":23,"minecraft:leather_boots":1,"minecraft:armor_stand":5,"born_in_chaos_v1:monster_skin":1,"minecraft:iron_leggings":1,"minecraft:bone":10,"minecraft:apple":1,"minecraft:gray_carpet":6,"iceandfire:graveyard_soil":8,"minecraft:wheat_seeds":3,"minecraft:iron_ingot":3,"minecraft:dark_oak_sign":11,"minecraft:cobweb":5,"minecraft:calcite":2,"minecraft:bamboo":27,"minecraft:coal_block":5,"minecraft:melon_slice":15,"minecraft:sugar_cane":16,"iceandfire:pixie_dust":2,"minecraft:dark_oak_sapling":1,"minecraft:raw_iron":2,"iceandfire:ghost_chest":1,"minecraft:emerald_block":1,"minecraft:jukebox":1,"minecraft:cooked_porkchop":1,"minecraft:torch":4,"paraglider:kakariko_goddess_statue":1,"regions_unexplored:pine_planks":2,"mowziesmobs:wrought_helmet":1,"minecraft:blast_furnace":6,"minecraft:cyan_bed":1,"minecraft:nether_brick_slab":1,"minecraft:loom":1,"minecraft:dark_oak_log":127,"minecraft:spider_eye":3,"minecraft:stone_pressure_plate":1,"minecraft:arrow":2,"minecraft:rotten_flesh":10,"iceandfire:silver_sword":1,"waystones:waystone":1,"minecraft:chainmail_leggings":1,"minecraft:hay_block":52,"minecraft:spruce_sign":1,"minecraft:chainmail_helmet":3,"minecraft:emerald":4,"minecraft:damaged_anvil":1,"minecraft:coal":2,"minecraft:iron_bars":2,"iceandfire:raw_silver":2,"minecraft:cobblestone":28},"minecraft:dropped":{"minecraft:golden_boots":1,"minecraft:stone_axe":1,"minecraft:melon_slice":13,"minecraft:stone_pressure_plate":1,"mowziesmobs:wrought_helmet":1,"minecraft:iron_bars":2,"minecraft:bucket":1,"minecraft:gray_carpet":6},"minecraft:broken":{"minecraft:shield":1,"minecraft:stone_axe":1},"minecraft:mined":{"minecraft:smithing_table":1,"minecraft:stone_pressure_plate":1,"iceandfire:silver_ore":3,"minecraft:dark_oak_log":149,"minecraft:crafting_table":3,"minecraft:emerald_ore":4,"minecraft:calcite":2,"minecraft:blast_furnace":6,"minecraft:grass_block":2,"minecraft:melon":3,"iceandfire:ghost_chest":1,"minecraft:nether_brick_slab":1,"regions_unexplored:pine_planks":2,"minecraft:coal_block":5,"minecraft:tall_grass":1,"minecraft:cyan_bed":1,"minecraft:sugar_cane":4,"minecraft:damaged_anvil":1,"minecraft:wall_torch":4,"minecraft:spawner":4,"minecraft:hay_block":52,"minecraft:large_fern":1,"minecraft:cyan_wool":1,"minecraft:purple_bed":2,"minecraft:iron_ore":2,"paraglider:kakariko_goddess_statue":1,"minecraft:jukebox":1,"minecraft:grass":7,"minecraft:coal_ore":2,"minecraft:iron_bars":1,"minecraft:loom":1,"minecraft:gray_carpet":6,"regions_unexplored:medium_grass":1,"minecraft:bamboo":2,"minecraft:stone":28,"minecraft:emerald_block":1,"minecraft:fern":6,"minecraft:infested_stone":1},"minecraft:killed_by":{"mowziesmobs:ferrous_wroughtnaut":1,"minecraft:skeleton":2,"born_in_chaos_v1:corpse_fly":1}},"DataVersion":3465}