{"stats":{"minecraft:crafted":{"minecraft:emerald":9,"minecraft:stone_axe":1,"minecraft:bread":18,"minecraft:stick":4,"minecraft:stone_pickaxe":1,"minecraft:dark_oak_planks":4,"minecraft:wheat":54},"minecraft:used":{"regions_unexplored:pine_planks":12,"minecraft:water_bucket":6,"minecraft:stone_pickaxe":19,"minecraft:shield":8,"minecraft:iron_sword":91,"minecraft:torch":3,"minecraft:crafting_table":1,"iceandfire:pixie_dust":2,"minecraft:spider_eye":2,"born_in_chaos_v1:monster_flesh":2,"minecraft:bread":4,"minecraft:iron_pickaxe":37,"tombstone:grave_key":1,"minecraft:stone_axe":168,"minecraft:cooked_porkchop":1,"minecraft:bucket":5},"minecraft:killed":{"minecraft:husk":2,"minecraft:witch":1,"undead_revamp2:the_moonflower":1,"minecraft:spider":1,"minecraft:skeleton":1,"luminousworld:dark_oak_skeleton":2,"born_in_chaos_v1:dread_hound":2,"minecraft:silverfish":3,"iceandfire:pixie":1,"luminousworld:dark_oak_zombie":1},"minecraft:custom":{"minecraft:mob_kills":15,"tombstone:raider_killed":1,"minecraft:interact_with_crafting_table":3,"minecraft:open_barrel":7,"minecraft:eat_cake_slice":2,"minecraft:leave_game":1,"minecraft:time_since_death":2821,"minecraft:climb_one_cm":536,"minecraft:time_since_rest":2524,"minecraft:sprint_one_cm":18964,"minecraft:damage_taken":957,"minecraft:walk_one_cm":102346,"minecraft:damage_blocked_by_shield":205,"minecraft:drop":2,"minecraft:damage_dealt":3611,"minecraft:fly_one_cm":31257,"minecraft:open_chest":12,"minecraft:crouch_one_cm":369,"minecraft:play_time":29114,"tombstone:undead_killed":7,"minecraft:deaths":2,"minecraft:sneak_time":285,"minecraft:walk_under_water_one_cm":5727,"minecraft:jump":229,"minecraft:interact_with_blast_furnace":2,"minecraft:walk_on_water_one_cm":4805,"minecraft:total_world_time":29114,"minecraft:fall_one_cm":6808},"minecraft:dropped":{"minecraft:stone_pressure_plate":1,"minecraft:gray_carpet":6},"minecraft:picked_up":{"minecraft:iron_chestplate":1,"minecraft:crafting_table":1,"minecraft:leather_chestplate":3,"born_in_chaos_v1:monster_flesh":2,"minecraft:golden_leggings":1,"minecraft:smithing_table":1,"paraglider:spirit_orb":6,"minecraft:mushroom_stew":1,"iceandfire:ectoplasm":5,"minecraft:golden_boots":1,"minecraft:string":2,"minecraft:dirt":23,"minecraft:leather_boots":1,"minecraft:armor_stand":5,"born_in_chaos_v1:monster_skin":1,"minecraft:iron_leggings":1,"minecraft:bone":9,"minecraft:apple":1,"minecraft:gray_carpet":6,"iceandfire:graveyard_soil":8,"minecraft:wheat_seeds":3,"minecraft:iron_ingot":3,"minecraft:cobweb":5,"minecraft:calcite":2,"minecraft:bamboo":27,"minecraft:melon_slice":11,"minecraft:sugar_cane":16,"iceandfire:pixie_dust":2,"minecraft:dark_oak_sapling":1,"iceandfire:ghost_chest":1,"minecraft:emerald_block":1,"minecraft:jukebox":1,"minecraft:cooked_porkchop":1,"minecraft:torch":2,"minecraft:blast_furnace":6,"minecraft:cyan_bed":1,"minecraft:nether_brick_slab":1,"minecraft:loom":1,"minecraft:dark_oak_log":127,"minecraft:spider_eye":3,"minecraft:stone_pressure_plate":1,"minecraft:arrow":1,"minecraft:rotten_flesh":10,"iceandfire:silver_sword":1,"minecraft:chainmail_leggings":1,"minecraft:hay_block":6,"minecraft:spruce_sign":1,"minecraft:chainmail_helmet":3,"minecraft:emerald":4,"minecraft:damaged_anvil":1,"iceandfire:raw_silver":1,"minecraft:cobblestone":22},"minecraft:broken":{"minecraft:stone_axe":1},"minecraft:mined":{"minecraft:smithing_table":1,"minecraft:stone_pressure_plate":1,"iceandfire:silver_ore":2,"minecraft:dark_oak_log":149,"minecraft:crafting_table":1,"minecraft:emerald_ore":4,"minecraft:calcite":2,"minecraft:blast_furnace":6,"minecraft:grass_block":2,"minecraft:melon":2,"iceandfire:ghost_chest":1,"minecraft:nether_brick_slab":1,"minecraft:tall_grass":1,"minecraft:cyan_bed":1,"minecraft:sugar_cane":4,"minecraft:damaged_anvil":1,"minecraft:wall_torch":2,"minecraft:spawner":3,"minecraft:hay_block":6,"minecraft:large_fern":1,"minecraft:purple_bed":2,"minecraft:jukebox":1,"minecraft:grass":7,"minecraft:loom":1,"minecraft:gray_carpet":6,"regions_unexplored:medium_grass":1,"minecraft:bamboo":2,"minecraft:stone":22,"minecraft:emerald_block":1,"minecraft:fern":6,"minecraft:infested_stone":1},"minecraft:killed_by":{"minecraft:skeleton":1,"born_in_chaos_v1:corpse_fly":1}},"DataVersion":3465}