{"stats":{"minecraft:crafted":{"minecraft:coal":45,"minecraft:stone_pickaxe":1,"minecraft:dark_oak_planks":8,"minecraft:stone_hoe":1,"minecraft:wheat":468,"minecraft:emerald":9,"minecraft:crafting_table":1,"minecraft:bucket":1,"minecraft:bone":6,"minecraft:stone_axe":1,"minecraft:bread":156,"minecraft:shield":1,"minecraft:stick":12,"minecraft:iron_ingot":1},"minecraft:used":{"regions_unexplored:pine_planks":14,"minecraft:shield":12,"minecraft:iron_sword":180,"minecraft:stone_hoe":42,"minecraft:torch":6,"minecraft:dirt":1,"iceandfire:pixie_dust":2,"tombstone:gift":1,"minecraft:water_bucket":11,"minecraft:stone_pickaxe":43,"minecraft:crafting_table":6,"minecraft:mushroom_stew":8,"minecraft:spider_eye":2,"mowziesmobs:wrought_axe":23,"born_in_chaos_v1:monster_flesh":2,"minecraft:bread":4,"minecraft:melon_slice":2,"minecraft:iron_pickaxe":51,"tombstone:grave_key":1,"minecraft:stone_axe":175,"minecraft:cooked_porkchop":1,"minecraft:bucket":11,"minecraft:pumpkin_pie":4},"minecraft:killed":{"minecraft:witch":1,"undead_revamp2:theimmortal":1,"enemyexpansion:equestrian":1,"minecraft:spider":2,"born_in_chaos_v1:zombie_bruiser":1,"born_in_chaos_v1:maggot":1,"minecraft:skeleton":4,"luminousworld:dark_oak_skeleton":2,"earthmobsmod:zombified_rabbit":1,"minecraft:silverfish":3,"minecraft:husk":2,"born_in_chaos_v1:baby_skeleton":1,"undead_revamp2:the_moonflower":2,"born_in_chaos_v1:decrepit_skeleton":1,"minecraft:zombie":1,"born_in_chaos_v1:dread_hound":7,"enemyexpansion:botfly":1,"iceandfire:pixie":1,"luminousworld:dark_oak_zombie":1},"minecraft:custom":{"minecraft:mob_kills":35,"minecraft:interact_with_crafting_table":11,"minecraft:open_barrel":16,"minecraft:damage_dealt_resisted":69,"minecraft:eat_cake_slice":2,"minecraft:leave_game":1,"minecraft:time_since_death":5305,"minecraft:climb_one_cm":1173,"minecraft:sprint_one_cm":63687,"minecraft:walk_one_cm":245603,"minecraft:damage_blocked_by_shield":515,"minecraft:drop":10,"minecraft:play_time":65114,"minecraft:deaths":5,"minecraft:sneak_time":427,"minecraft:walk_under_water_one_cm":8689,"minecraft:jump":557,"minecraft:interact_with_blast_furnace":4,"minecraft:walk_on_water_one_cm":12582,"minecraft:total_world_time":65114,"tombstone:raider_killed":1,"minecraft:sleep_in_bed":1,"minecraft:time_since_rest":5095,"minecraft:damage_taken":3010,"minecraft:damage_dealt":7695,"minecraft:fly_one_cm":81969,"minecraft:player_kills":1,"minecraft:open_chest":14,"minecraft:crouch_one_cm":656,"tombstone:undead_killed":18,"minecraft:fall_one_cm":14747},"minecraft:picked_up":{"minecraft:crafting_table":5,"minecraft:iron_chestplate":1,"minecraft:smithing_table":1,"minecraft:string":5,"minecraft:iron_leggings":1,"minecraft:armor_stand":5,"iceandfire:graveyard_soil":8,"minecraft:cobbled_deepslate":9,"born_in_chaos_v1:gnawed_bones":1,"minecraft:calcite":2,"minecraft:sugar_cane":24,"minecraft:melon_slice":15,"minecraft:coal_block":5,"minecraft:dark_oak_sapling":1,"iceandfire:pixie_dust":2,"minecraft:stick":1,"minecraft:raw_iron":2,"iceandfire:ghost_chest":1,"minecraft:jukebox":1,"minecraft:torch":5,"paraglider:kakariko_goddess_statue":1,"minecraft:cherry_log":2,"tombstone:grave_dust":4,"minecraft:stone_pressure_plate":1,"minecraft:arrow":4,"minecraft:rotten_flesh":18,"minecraft:hay_block":52,"supplementaries:ash":6,"minecraft:iron_bars":2,"minecraft:cobblestone":28,"minecraft:leather_chestplate":3,"born_in_chaos_v1:monster_flesh":14,"minecraft:golden_leggings":1,"paraglider:spirit_orb":8,"minecraft:mushroom_stew":1,"minecraft:oak_log":2,"iceandfire:ectoplasm":5,"minecraft:golden_boots":1,"minecraft:gunpowder":2,"mowziesmobs:wrought_axe":2,"minecraft:dirt":61,"born_in_chaos_v1:monster_skin":4,"minecraft:leather_boots":1,"minecraft:bone":18,"minecraft:apple":1,"minecraft:gray_carpet":6,"minecraft:wheat_seeds":5,"minecraft:raw_gold":8,"minecraft:iron_ingot":3,"minecraft:cobweb":5,"minecraft:dark_oak_sign":11,"minecraft:bamboo":27,"minecraft:emerald_block":1,"minecraft:cooked_porkchop":1,"regions_unexplored:pine_planks":2,"mowziesmobs:wrought_helmet":1,"born_in_chaos_v1:fangofthe_hound_leader":3,"minecraft:blast_furnace":6,"minecraft:loom":1,"minecraft:nether_brick_slab":1,"minecraft:cyan_bed":1,"minecraft:dark_oak_log":127,"minecraft:spider_eye":3,"iceandfire:silver_sword":1,"waystones:waystone":1,"minecraft:chainmail_leggings":1,"minecraft:spruce_sign":1,"minecraft:emerald":4,"minecraft:chainmail_helmet":3,"minecraft:damaged_anvil":1,"minecraft:coal":2,"iceandfire:raw_silver":2},"minecraft:dropped":{"minecraft:golden_boots":1,"mowziesmobs:wrought_axe":1,"minecraft:melon_slice":13,"mowziesmobs:wrought_helmet":1,"minecraft:bucket":1,"minecraft:gray_carpet":6,"minecraft:stone_axe":1,"minecraft:stone_pressure_plate":1,"minecraft:iron_bars":2},"minecraft:broken":{"minecraft:shield":1,"minecraft:stone_axe":1},"minecraft:mined":{"minecraft:stone_pressure_plate":1,"iceandfire:silver_ore":3,"minecraft:dark_oak_log":149,"minecraft:grass_block":2,"minecraft:coal_block":5,"regions_unexplored:pine_planks":2,"minecraft:spawner":4,"minecraft:large_fern":2,"minecraft:hay_block":52,"minecraft:iron_ore":2,"minecraft:iron_bars":1,"regions_unexplored:medium_grass":3,"minecraft:bamboo":2,"minecraft:stone":28,"regions_unexplored:windswept_grass":7,"minecraft:smithing_table":1,"minecraft:crafting_table":6,"minecraft:torch":1,"minecraft:blast_furnace":6,"minecraft:emerald_ore":4,"minecraft:calcite":2,"minecraft:melon":3,"iceandfire:ghost_chest":1,"minecraft:nether_brick_slab":1,"minecraft:tall_grass":2,"minecraft:cyan_bed":1,"minecraft:deepslate_gold_ore":8,"minecraft:sugar_cane":9,"minecraft:damaged_anvil":1,"minecraft:wall_torch":4,"supplementaries:urn":1,"minecraft:cyan_wool":1,"minecraft:purple_bed":2,"paraglider:kakariko_goddess_statue":1,"minecraft:jukebox":1,"minecraft:grass":12,"minecraft:coal_ore":2,"minecraft:loom":1,"minecraft:dirt":1,"minecraft:gray_carpet":6,"minecraft:cobweb":1,"minecraft:infested_stone":1,"minecraft:emerald_block":1,"minecraft:deepslate":9,"minecraft:fern":8},"minecraft:killed_by":{"born_in_chaos_v1:corpse_fly":1,"mowziesmobs:ferrous_wroughtnaut":1,"minecraft:skeleton":2,"born_in_chaos_v1:dread_hound":1}},"DataVersion":3465}