{"stats":{"minecraft:crafted":{"minecraft:stick":4,"minecraft:stone_pickaxe":1,"minecraft:dark_oak_planks":4,"minecraft:stone_axe":1},"minecraft:used":{"regions_unexplored:pine_planks":4,"minecraft:water_bucket":1,"born_in_chaos_v1:monster_flesh":2,"minecraft:bread":4,"minecraft:stone_pickaxe":5,"minecraft:iron_pickaxe":24,"minecraft:shield":8,"minecraft:iron_sword":54,"tombstone:grave_key":1,"minecraft:stone_axe":158,"minecraft:torch":1,"iceandfire:pixie_dust":1,"minecraft:crafting_table":1,"minecraft:spider_eye":2},"minecraft:killed":{"born_in_chaos_v1:dread_hound":2,"luminousworld:dark_oak_skeleton":2,"minecraft:witch":1,"minecraft:silverfish":3,"minecraft:spider":1,"iceandfire:pixie":1,"luminousworld:dark_oak_zombie":1},"minecraft:custom":{"minecraft:time_since_rest":285,"minecraft:sprint_one_cm":16474,"minecraft:damage_taken":514,"minecraft:walk_one_cm":48490,"minecraft:damage_blocked_by_shield":205,"minecraft:mob_kills":11,"tombstone:raider_killed":1,"minecraft:damage_dealt":2035,"minecraft:interact_with_crafting_table":2,"minecraft:fly_one_cm":29489,"minecraft:deaths":1,"minecraft:open_chest":1,"minecraft:crouch_one_cm":10,"minecraft:play_time":17114,"tombstone:undead_killed":3,"minecraft:walk_under_water_one_cm":4077,"minecraft:sneak_time":99,"minecraft:jump":203,"minecraft:leave_game":1,"minecraft:walk_on_water_one_cm":4060,"minecraft:time_since_death":517,"minecraft:total_world_time":17114,"minecraft:fall_one_cm":5995},"minecraft:picked_up":{"minecraft:dark_oak_sapling":1,"iceandfire:pixie_dust":2,"minecraft:crafting_table":1,"minecraft:iron_chestplate":1,"iceandfire:ghost_chest":1,"born_in_chaos_v1:monster_flesh":2,"iceandfire:ectoplasm":5,"minecraft:spider_eye":3,"minecraft:dark_oak_log":127,"minecraft:dirt":23,"minecraft:string":2,"born_in_chaos_v1:monster_skin":1,"minecraft:bone":9,"minecraft:rotten_flesh":9,"minecraft:apple":1,"iceandfire:graveyard_soil":8,"minecraft:wheat_seeds":3,"iceandfire:silver_sword":1,"minecraft:iron_ingot":3,"minecraft:cobweb":5,"minecraft:bamboo":27,"minecraft:sugar_cane":16,"iceandfire:raw_silver":1,"minecraft:cobblestone":22},"minecraft:broken":{"minecraft:stone_axe":1},"minecraft:mined":{"minecraft:large_fern":1,"iceandfire:silver_ore":2,"minecraft:dark_oak_log":149,"minecraft:crafting_table":1,"minecraft:grass":7,"minecraft:grass_block":2,"iceandfire:ghost_chest":1,"regions_unexplored:medium_grass":1,"minecraft:tall_grass":1,"minecraft:bamboo":2,"minecraft:stone":22,"minecraft:sugar_cane":4,"minecraft:infested_stone":1,"minecraft:fern":6},"minecraft:killed_by":{"born_in_chaos_v1:corpse_fly":1}},"DataVersion":3465}