{
  "iceandfire:iceandfire/root": {
    "criteria": {
      "tick": "2024-09-02 07:27:29 +0000"
    },
    "done": true
  },
  "takesapillage:root": {
    "criteria": {
      "always": "2024-09-02 07:27:29 +0000"
    },
    "done": true
  },
  "mca:recipes/misc/comb": {
    "criteria": {
      "has_item": "2024-09-02 07:27:29 +0000"
    },
    "done": true
  },
  "minecraft:story/iron_tools": {
    "criteria": {
      "iron_pickaxe": "2024-09-02 07:27:29 +0000"
    },
    "done": true
  },
  "explorerscompass:explorers_compass_cracked_stone_bricks": {
    "criteria": {
      "has_recipe": "2024-09-02 07:27:29 +0000"
    },
    "done": true
  },
  "dungeons_arise:wda_root": {
    "criteria": {
      "WDA": "2024-09-02 07:27:29 +0000"
    },
    "done": true
  },
  "undead_revamp2:theundeadchallenges": {
    "criteria": {
      "theundeadchallenges": "2024-09-02 07:27:29 +0000"
    },
    "done": true
  },
  "friendsandfoes:misc/yellow_dye_from_buttercup": {
    "criteria": {
      "has_the_recipe": "2024-09-02 07:27:29 +0000"
    },
    "done": true
  },
  "farmersdelight:main/root": {
    "criteria": {
      "seeds": "2024-09-02 07:27:29 +0000"
    },
    "done": true
  },
  "naturescompass:natures_compass_log": {
    "criteria": {
      "has_recipe": "2024-09-02 07:27:29 +0000"
    },
    "done": true
  },
  "minecraft:story/smelt_iron": {
    "criteria": {
      "iron": "2024-09-02 07:27:29 +0000"
    },
    "done": true
  },
  "repurposed_structures:root": {
    "criteria": {
      "always": "2024-09-02 07:27:29 +0000"
    },
    "done": true
  },
  "naturescompass:natures_compass": {
    "criteria": {
      "has_recipe": "2024-09-02 07:27:29 +0000"
    },
    "done": true
  },
  "naturescompass:natures_compass_sapling": {
    "criteria": {
      "has_recipe": "2024-09-02 07:27:29 +0000"
    },
    "done": true
  },
  "mca:recipes/building_blocks/headstones": {
    "criteria": {
      "has_the_slanted_recipe": "2024-09-02 07:27:29 +0000"
    },
    "done": true
  },
  "mowziesmobs:root": {
    "criteria": {
      "custom_test_name": "2024-09-02 07:27:29 +0000"
    },
    "done": true
  },
  "betterdungeons:root": {
    "criteria": {
      "always": "2024-09-02 07:27:29 +0000"
    },
    "done": true
  },
  "placeablesmod:placeables": {
    "criteria": {
      "placeables": "2024-09-02 07:27:29 +0000"
    },
    "done": true
  },
  "mca:recipes/misc/needle_and_thread": {
    "criteria": {
      "has_item": "2024-09-02 07:27:29 +0000"
    },
    "done": true
  },
  "explorerscompass:explorers_compass_cobweb": {
    "criteria": {
      "has_recipe": "2024-09-02 07:27:29 +0000"
    },
    "done": true
  },
  "eeeabsmobs:eeeabsmobs/root": {
    "criteria": {
      "requirement": "2024-09-02 07:27:29 +0000"
    },
    "done": true
  },
  "betterdeserttemples:root": {
    "criteria": {
      "always": "2024-09-02 07:27:29 +0000"
    },
    "done": true
  },
  "cataclysm:root": {
    "criteria": {
      "custom_test_name": "2024-09-02 07:27:29 +0000"
    },
    "done": true
  },
  "mca:recipes/misc/whistle": {
    "criteria": {
      "has_item": "2024-09-02 07:27:29 +0000"
    },
    "done": true
  },
  "incendium:technical/new_player": {
    "criteria": {
      "requirement": "2024-09-02 07:27:29 +0000"
    },
    "done": true
  },
  "explorerscompass:explorers_compass": {
    "criteria": {
      "has_recipe": "2024-09-02 07:27:29 +0000"
    },
    "done": true
  },
  "incendium:technical/scroll_of_returning": {
    "criteria": {
      "log_spam_fixer": "2024-09-02 07:28:00 +0000"
    },
    "done": false
  },
  "incendium:technical/using/ragnarok": {
    "criteria": {
      "log_spam_fixer": "2024-09-02 07:28:00 +0000"
    },
    "done": false
  },
  "regions_unexplored:regions_explored": {
    "criteria": {
      "sparse_rainforest": "2024-09-02 09:02:35 +0000",
      "ancient_delta": "2024-09-02 08:13:43 +0000",
      "rocky_reef": "2024-09-02 08:48:57 +0000",
      "redstone_caves": "2024-09-02 09:03:44 +0000",
      "blackwood_taiga": "2024-09-02 07:28:00 +0000",
      "rocky_meadow": "2024-09-02 08:25:26 +0000",
      "tropical_river": "2024-09-02 09:02:16 +0000",
      "eucalyptus_forest": "2024-09-02 08:59:39 +0000",
      "magnolia_highlands": "2024-09-02 08:26:28 +0000",
      "outback": "2024-09-02 08:58:32 +0000",
      "sparse_redwoods": "2024-09-02 08:08:46 +0000",
      "deciduous_forest": "2024-09-02 08:26:24 +0000",
      "boreal_forest": "2024-09-02 07:46:16 +0000",
      "bamboo_forest": "2024-09-02 08:22:31 +0000",
      "saguaro_desert": "2024-09-02 08:49:19 +0000",
      "baobab_savanna": "2024-09-02 08:41:21 +0000",
      "grassland": "2024-09-02 08:19:18 +0000",
      "redwoods": "2024-09-02 08:03:18 +0000",
      "rainforest": "2024-09-02 09:02:12 +0000"
    },
    "done": false
  },
  "regions_unexplored:pioneer": {
    "criteria": {
      "sparse_rainforest": "2024-09-02 09:02:35 +0000",
      "rocky_reef": "2024-09-02 08:48:57 +0000",
      "blackwood_taiga": "2024-09-02 07:28:00 +0000",
      "rocky_meadow": "2024-09-02 08:25:26 +0000",
      "tropical_river": "2024-09-02 09:02:16 +0000",
      "eucalyptus_forest": "2024-09-02 08:59:39 +0000",
      "magnolia_highlands": "2024-09-02 08:26:28 +0000",
      "outback": "2024-09-02 08:58:32 +0000",
      "sparse_redwoods": "2024-09-02 08:08:46 +0000",
      "deciduous_forest": "2024-09-02 08:26:24 +0000",
      "boreal_forest": "2024-09-02 07:46:16 +0000",
      "bamboo_forest": "2024-09-02 08:22:31 +0000",
      "saguaro_desert": "2024-09-02 08:49:19 +0000",
      "baobab_savanna": "2024-09-02 08:41:21 +0000",
      "grassland": "2024-09-02 08:19:18 +0000",
      "redwoods": "2024-09-02 08:03:18 +0000",
      "rainforest": "2024-09-02 09:02:12 +0000"
    },
    "done": false
  },
  "incendium:technical/using/trailblazer": {
    "criteria": {
      "log_spam_fixer": "2024-09-02 07:28:00 +0000"
    },
    "done": false
  },
  "incendium:technical/using/shield": {
    "criteria": {
      "log_spam_fixer": "2024-09-02 07:28:00 +0000"
    },
    "done": false
  },
  "tombstone:adventure/root": {
    "criteria": {
      "auto": "2024-09-02 07:28:00 +0000"
    },
    "done": true
  },
  "regions_unexplored:parent": {
    "criteria": {
      "load_in_world": "2024-09-02 07:28:00 +0000"
    },
    "done": true
  },
  "tombstone:adventure/first_grave": {
    "criteria": {
      "coded_trigger": "2024-09-02 07:28:04 +0000"
    },
    "done": true
  },
  "mutantmonsters:root": {
    "criteria": {
      "killed_something": "2024-09-02 07:40:39 +0000"
    },
    "done": true
  },
  "minecraft:story/obtain_armor": {
    "criteria": {
      "iron_helmet": "2024-09-02 07:32:31 +0000"
    },
    "done": true
  },
  "mca:recipes/misc/family_tree": {
    "criteria": {
      "has_item": "2024-09-02 07:32:32 +0000"
    },
    "done": true
  },
  "minecraft:husbandry/tame_an_animal": {
    "criteria": {
      "tamed_animal": "2024-09-02 08:26:14 +0000"
    },
    "done": true
  },
  "mowziesmobs:kill_ferrous_wroughtnaut": {
    "criteria": {
      "ferrous_wroughtnaut": "2024-09-02 08:11:50 +0000"
    },
    "done": true
  },
  "regions_unexplored:spelunker": {
    "criteria": {
      "redstone_caves": "2024-09-02 09:03:44 +0000",
      "ancient_delta": "2024-09-02 08:13:43 +0000"
    },
    "done": false
  },
  "tombstone:adventure/ambush": {
    "criteria": {
      "coded_trigger": "2024-09-02 07:40:39 +0000"
    },
    "done": true
  },
  "friendsandfoes:adventure/the_magicians": {
    "criteria": {
      "killed_evoker": "2024-09-02 07:42:20 +0000"
    },
    "done": false
  },
  "tombstone:adventure/find_grave_dust": {
    "criteria": {
      "from_undead": "2024-09-02 07:56:43 +0000"
    },
    "done": true
  },
  "tombstone:recipes/from_grave_key": {
    "criteria": {
      "has_ingredient": "2024-09-02 07:41:06 +0000"
    },
    "done": true
  },
  "enemyexpansion:hunted": {
    "criteria": {
      "hunted_0": "2024-09-02 08:37:32 +0000"
    },
    "done": true
  },
  "alexsmobs:alexsmobs/root": {
    "criteria": {
      "useitem": "2024-09-02 07:43:56 +0000"
    },
    "done": true
  },
  "mca:recipes/misc/books": {
    "criteria": {
      "has_item": "2024-09-02 07:47:16 +0000"
    },
    "done": true
  },
  "betterdungeons:zombie_dungeon": {
    "criteria": {
      "in_better_zombie_dungeon": "2024-09-02 07:57:13 +0000"
    },
    "done": true
  },
  "biomesoplenty:biomesoplenty/root": {
    "criteria": {
      "field": "2024-09-02 07:36:50 +0000"
    },
    "done": true
  },
  "paraglider:pray_to_the_goddess": {
    "criteria": {
      "bargain": "2024-09-02 08:35:04 +0000"
    },
    "done": true
  },
  "mca:recipes/misc/blueprint": {
    "criteria": {
      "has_item": "2024-09-02 07:47:16 +0000"
    },
    "done": true
  },
  "minecraft:husbandry/wax_off": {
    "criteria": {
      "wax_off": "2024-09-02 08:35:48 +0000"
    },
    "done": true
  },
  "betterdungeons:all_dungeons": {
    "criteria": {
      "in_better_zombie_dungeon": "2024-09-02 07:57:13 +0000",
      "in_better_spider_dungeon": "2024-09-02 07:45:56 +0000"
    },
    "done": false
  },
  "biomesoplenty:biomesoplenty/all_biomes": {
    "criteria": {
      "field": "2024-09-02 07:36:50 +0000",
      "mediterranean_forest": "2024-09-02 08:27:05 +0000",
      "forested_field": "2024-09-02 07:36:55 +0000",
      "wasteland": "2024-09-02 08:37:04 +0000",
      "lush_desert": "2024-09-02 08:50:26 +0000",
      "wasteland_steppe": "2024-09-02 08:59:14 +0000",
      "volcano": "2024-09-02 09:05:52 +0000",
      "volcanic_plains": "2024-09-02 09:09:39 +0000",
      "snowy_maple_woods": "2024-09-02 07:38:25 +0000"
    },
    "done": false
  },
  "minecraft:adventure/root": {
    "criteria": {
      "killed_something": "2024-09-02 07:40:39 +0000"
    },
    "done": true
  },
  "minecraft:adventure/kill_all_mobs": {
    "criteria": {
      "minecraft:skeleton": "2024-09-02 08:00:21 +0000",
      "minecraft:vindicator": "2024-09-02 07:40:39 +0000",
      "minecraft:evoker": "2024-09-02 07:42:20 +0000",
      "minecraft:husk": "2024-09-02 08:40:29 +0000",
      "minecraft:cave_spider": "2024-09-02 08:02:03 +0000",
      "minecraft:vex": "2024-09-02 07:42:19 +0000",
      "minecraft:zombie": "2024-09-02 07:56:43 +0000"
    },
    "done": false
  },
  "mca:root": {
    "criteria": {
      "village_taiga": "2024-09-02 07:31:47 +0000"
    },
    "done": true
  },
  "mca:recipes/misc/bouquet": {
    "criteria": {
      "has_item": "2024-09-02 08:26:21 +0000"
    },
    "done": true
  },
  "artifacts:amateur_archaeologist": {
    "criteria": {
      "find_artifact": "2024-09-02 07:42:04 +0000"
    },
    "done": true
  },
  "minecraft:adventure/kill_a_mob": {
    "criteria": {
      "minecraft:vindicator": "2024-09-02 07:40:39 +0000"
    },
    "done": true
  },
  "tombstone:recipes/from_grave_dust": {
    "criteria": {
      "has_ingredient": "2024-09-02 07:32:32 +0000"
    },
    "done": true
  },
  "minecraft:adventure/adventuring_time": {
    "criteria": {
      "minecraft:taiga": "2024-09-02 07:31:44 +0000",
      "minecraft:beach": "2024-09-02 07:38:10 +0000",
      "minecraft:river": "2024-09-02 07:36:51 +0000",
      "minecraft:stony_shore": "2024-09-02 07:30:36 +0000",
      "minecraft:cold_ocean": "2024-09-02 07:31:47 +0000",
      "minecraft:desert": "2024-09-02 08:38:17 +0000",
      "minecraft:old_growth_spruce_taiga": "2024-09-02 07:29:07 +0000",
      "minecraft:snowy_beach": "2024-09-02 07:38:24 +0000",
      "minecraft:warm_ocean": "2024-09-02 08:47:26 +0000"
    },
    "done": false
  },
  "iceandfire:iceandfire/kill_ghost": {
    "criteria": {
      "killed_fire_dragon": "2024-09-02 09:13:55 +0000"
    },
    "done": true
  },
  "iceandfire:iceandfire/lectern": {
    "criteria": {
      "bestiary": "2024-09-02 08:34:49 +0000"
    },
    "done": true
  },
  "tombstone:adventure/cancel_ghostly_shape": {
    "criteria": {
      "coded_trigger": "2024-09-02 07:30:24 +0000"
    },
    "done": true
  },
  "friendsandfoes:adventure/summon_copper_golem": {
    "criteria": {
      "summoned_golem": "2024-09-02 08:36:11 +0000"
    },
    "done": true
  },
  "alexscaves:alexscaves/cave_tablet": {
    "criteria": {
      "cave_tablet": "2024-09-02 07:42:32 +0000"
    },
    "done": true
  },
  "tombstone:adventure/chain_death": {
    "criteria": {
      "coded_trigger": "2024-09-02 07:46:05 +0000"
    },
    "done": true
  },
  "minecraft:husbandry/balanced_diet": {
    "criteria": {
      "sweet_berries": "2024-09-02 07:35:18 +0000",
      "chorus_fruit": "2024-09-02 08:19:56 +0000",
      "apple": "2024-09-02 07:45:10 +0000",
      "bread": "2024-09-02 08:13:48 +0000"
    },
    "done": false
  },
  "iceandfire:iceandfire/kill_if_dragon": {
    "criteria": {
      "killed_fire_dragon": "2024-09-02 08:31:41 +0000"
    },
    "done": true
  },
  "tombstone:adventure/fortuitous_militia": {
    "criteria": {
      "coded_trigger": "2024-09-02 07:45:25 +0000"
    },
    "done": true
  },
  "tombstone:adventure/create_magic_scroll": {
    "criteria": {
      "has_magic_scroll": "2024-09-02 08:02:12 +0000"
    },
    "done": true
  },
  "minecraft:husbandry/root": {
    "criteria": {
      "consumed_item": "2024-09-02 07:35:18 +0000"
    },
    "done": true
  },
  "minecraft:story/mine_diamond": {
    "criteria": {
      "diamond": "2024-09-02 07:46:48 +0000"
    },
    "done": true
  },
  "betterdungeons:spider_dungeon": {
    "criteria": {
      "in_better_spider_dungeon": "2024-09-02 07:45:56 +0000"
    },
    "done": true
  },
  "farmersdelight:main/plant_all_crops": {
    "criteria": {
      "sweet_berries": "2024-09-02 07:40:10 +0000"
    },
    "done": false
  },
  "tombstone:adventure/ashes_and_bones": {
    "criteria": {
      "coded_trigger": "2024-09-02 07:58:17 +0000"
    },
    "done": true
  },
  "regions_unexplored:got_wood": {
    "criteria": {
      "larch_log": "2024-09-02 07:55:52 +0000",
      "bamboo_log": "2024-09-02 08:23:11 +0000"
    },
    "done": false
  },
  "DataVersion": 3465
}